,reviews_num,breakout_index
0,1,0.42857142857142855
1,0,-0.07142857142857142
2,0,-0.07142857142857142
3,0,-0.07142857142857142
4,0,-0.07142857142857142
5,0,-0.07142857142857142
6,0,-0.07142857142857142
7,0,-0.07142857142857142
8,0,0.0
9,0,0.0
10,0,0.0
11,0,0.0
12,0,0.0
13,0,0.0
14,0,0.0
15,0,0.0
16,0,0.0
17,0,0.0
18,0,0.0
19,0,0.0
20,0,0.0
21,0,0.0
22,0,0.0
23,0,0.0
24,0,0.0
25,0,0.0
26,0,0.0
27,0,0.0
28,0,0.0
29,0,0.0
30,0,0.0
31,0,0.0
32,0,0.0
33,0,0.0
34,0,0.0
35,0,0.0
36,0,0.0
37,0,0.0
38,0,0.0
39,0,0.0
40,0,0.0
41,0,-0.07142857142857142
42,0,-0.07142857142857142
43,0,-0.07142857142857142
44,0,-0.07142857142857142
45,0,-0.07142857142857142
46,0,-0.07142857142857142
47,1,0.9285714285714286
48,0,-0.07142857142857142
49,0,-0.07142857142857142
50,0,-0.07142857142857142
51,0,-0.07142857142857142
52,0,-0.07142857142857142
53,0,-0.07142857142857142
54,0,-0.07142857142857142
55,0,0.0
56,0,0.0
57,0,0.0
58,0,0.0
59,0,0.0
60,0,0.0
61,0,0.0
62,0,0.0
63,0,0.0
64,0,0.0
65,0,0.0
66,0,0.0
67,0,0.0
68,0,0.0
69,0,0.0
70,0,0.0
71,0,0.0
72,0,0.0
73,0,0.0
74,0,0.0
75,0,0.0
76,0,0.0
77,0,0.0
78,0,0.0
79,0,0.0
80,0,0.0
81,0,0.0
82,0,0.0
83,0,0.0
84,0,0.0
85,0,0.0
86,0,0.0
87,0,0.0
88,0,0.0
89,0,0.0
90,0,0.0
91,0,0.0
92,0,0.0
93,0,0.0
94,0,0.0
95,0,0.0
96,0,0.0
97,0,0.0
98,0,0.0
99,0,0.0
100,0,0.0
101,0,0.0
102,0,0.0
103,0,0.0
104,0,0.0
105,0,0.0
106,0,0.0
107,0,0.0
108,0,0.0
109,0,0.0
110,0,0.0
111,0,0.0
112,0,0.0
113,0,0.0
114,0,0.0
115,0,0.0
116,0,0.0
117,0,0.0
118,0,0.0
119,0,0.0
120,0,0.0
121,0,0.0
122,0,0.0
123,0,0.0
124,0,0.0
125,0,0.0
126,0,0.0
127,0,0.0
128,0,0.0
129,0,0.0
130,0,0.0
131,0,0.0
132,0,0.0
133,0,0.0
134,0,0.0
135,0,0.0
136,0,0.0
137,0,0.0
138,0,0.0
139,0,0.0
140,0,0.0
141,0,0.0
142,0,0.0
143,0,0.0
144,0,0.0
145,0,0.0
146,0,0.0
147,0,0.0
148,0,0.0
149,0,0.0
150,0,0.0
151,0,0.0
152,0,0.0
153,0,0.0
154,0,0.0
155,0,0.0
156,0,0.0
157,0,0.0
158,0,0.0
159,0,0.0
160,0,0.0
161,0,0.0
162,0,0.0
163,0,0.0
164,0,0.0
165,0,0.0
166,0,0.0
167,0,0.0
168,0,0.0
169,0,0.0
170,0,0.0
171,0,0.0
172,0,0.0
173,0,0.0
174,0,0.0
175,0,0.0
176,0,0.0
177,0,0.0
178,0,0.0
179,0,0.0
180,0,0.0
181,0,0.0
182,0,0.0
183,0,0.0
184,0,0.0
185,0,0.0
186,0,0.0
187,0,0.0
188,0,0.0
189,0,0.0
190,0,0.0
191,0,0.0
192,0,0.0
193,0,0.0
194,0,0.0
195,0,0.0
196,0,0.0
197,0,0.0
198,0,0.0
199,0,0.0
200,0,0.0
201,0,0.0
202,0,0.0
203,0,0.0
204,0,0.0
205,0,0.0
206,0,0.0
207,0,0.0
208,0,0.0
209,0,0.0
210,0,0.0
211,0,0.0
212,0,0.0
213,0,0.0
214,0,0.0
215,0,0.0
216,0,0.0
217,0,0.0
218,0,0.0
219,0,0.0
220,0,0.0
221,0,0.0
222,0,0.0
223,0,0.0
224,0,0.0
225,0,0.0
226,0,0.0
227,0,0.0
228,0,0.0
229,0,0.0
230,0,0.0
231,0,0.0
232,0,0.0
233,0,0.0
234,0,0.0
235,0,0.0
236,0,0.0
237,0,0.0
238,0,0.0
239,0,0.0
240,0,0.0
241,0,0.0
242,0,0.0
243,0,0.0
244,0,0.0
245,0,0.0
246,0,0.0
247,0,0.0
248,0,0.0
249,0,0.0
250,0,0.0
251,0,-0.07142857142857142
252,0,-0.07142857142857142
253,0,-0.14285714285714285
254,0,-0.14285714285714285
255,0,-0.14285714285714285
256,0,-0.14285714285714285
257,1,0.8571428571428571
258,0,-0.14285714285714285
259,1,0.8571428571428571
260,0,-0.14285714285714285
261,0,-0.14285714285714285
262,0,-0.14285714285714285
263,0,-0.14285714285714285
264,0,-0.14285714285714285
265,0,-0.07142857142857142
266,0,-0.07142857142857142
267,0,0.0
268,0,0.0
269,0,0.0
270,0,0.0
271,0,0.0
272,0,0.0
273,0,0.0
274,0,0.0
275,0,0.0
276,0,0.0
277,0,0.0
278,0,0.0
279,0,0.0
280,0,0.0
281,0,0.0
282,0,0.0
283,0,0.0
284,0,0.0
285,0,0.0
286,0,0.0
287,0,0.0
288,0,0.0
289,0,0.0
290,0,0.0
291,0,0.0
292,0,0.0
293,0,0.0
294,0,0.0
295,0,0.0
296,0,0.0
297,0,0.0
298,0,0.0
299,0,0.0
300,0,0.0
301,0,0.0
302,0,0.0
303,0,-0.07142857142857142
304,0,-0.07142857142857142
305,0,-0.07142857142857142
306,0,-0.07142857142857142
307,0,-0.07142857142857142
308,0,-0.07142857142857142
309,1,0.9285714285714286
310,0,-0.07142857142857142
311,0,-0.07142857142857142
312,0,-0.07142857142857142
313,0,-0.07142857142857142
314,0,-0.07142857142857142
315,0,-0.07142857142857142
316,0,-0.07142857142857142
317,0,0.0
318,0,0.0
319,0,0.0
320,0,0.0
321,0,0.0
322,0,-0.07142857142857142
323,0,-0.07142857142857142
324,0,-0.07142857142857142
325,0,-0.07142857142857142
326,0,-0.07142857142857142
327,0,-0.07142857142857142
328,1,0.9285714285714286
329,0,-0.07142857142857142
330,0,-0.14285714285714285
331,0,-0.14285714285714285
332,0,-0.14285714285714285
333,0,-0.14285714285714285
334,0,-0.14285714285714285
335,0,-0.14285714285714285
336,1,0.9285714285714286
337,0,-0.07142857142857142
338,0,-0.07142857142857142
339,0,-0.07142857142857142
340,0,-0.07142857142857142
341,0,-0.14285714285714285
342,0,-0.14285714285714285
343,0,-0.14285714285714285
344,0,-0.07142857142857142
345,0,-0.07142857142857142
346,0,-0.07142857142857142
347,1,0.9285714285714286
348,0,-0.07142857142857142
349,0,-0.07142857142857142
350,0,-0.07142857142857142
351,0,-0.07142857142857142
352,0,-0.07142857142857142
353,0,-0.07142857142857142
354,0,-0.07142857142857142
355,0,0.0
356,0,0.0
357,0,0.0
358,0,0.0
359,0,0.0
360,0,0.0
361,0,0.0
362,0,0.0
363,0,0.0
364,0,0.0
365,0,0.0
366,0,0.0
367,0,0.0
368,0,0.0
369,0,-0.07142857142857142
370,0,-0.07142857142857142
371,0,-0.07142857142857142
372,0,-0.07142857142857142
373,0,-0.07142857142857142
374,0,-0.07142857142857142
375,1,0.9285714285714286
376,0,-0.07142857142857142
377,0,-0.07142857142857142
378,0,-0.07142857142857142
379,0,-0.07142857142857142
380,0,-0.07142857142857142
381,0,-0.07142857142857142
382,0,-0.07142857142857142
383,0,0.0
384,0,0.0
385,0,0.0
386,0,0.0
387,0,0.0
388,0,-0.07142857142857142
389,0,-0.07142857142857142
390,0,-0.07142857142857142
391,0,-0.07142857142857142
392,0,-0.21428571428571427
393,0,-0.21428571428571427
394,1,0.7857142857142857
395,0,-0.21428571428571427
396,0,-0.21428571428571427
397,0,-0.21428571428571427
398,2,1.7857142857142858
399,0,-0.21428571428571427
400,0,-0.21428571428571427
401,0,-0.21428571428571427
402,0,-0.14285714285714285
403,0,-0.14285714285714285
404,0,-0.14285714285714285
405,0,-0.14285714285714285
406,0,0.0
407,0,0.0
408,0,0.0
409,0,0.0
410,0,0.0
411,0,0.0
412,0,0.0
413,0,0.0
414,0,0.0
415,0,0.0
416,0,0.0
417,0,0.0
418,0,-0.14285714285714285
419,0,-0.14285714285714285
420,0,-0.14285714285714285
421,0,-0.14285714285714285
422,0,-0.14285714285714285
423,0,-0.14285714285714285
424,2,1.8571428571428572
425,0,-0.14285714285714285
426,0,-0.14285714285714285
427,0,-0.14285714285714285
428,0,-0.14285714285714285
429,0,-0.14285714285714285
430,0,-0.14285714285714285
431,0,-0.14285714285714285
432,0,0.0
433,0,0.0
434,0,0.0
435,0,0.0
436,0,0.0
437,0,0.0
438,0,0.0
439,0,-0.07142857142857142
440,0,-0.35714285714285715
441,0,-0.35714285714285715
442,0,-0.35714285714285715
443,0,-0.35714285714285715
444,0,-0.35714285714285715
445,1,0.6428571428571429
446,4,3.5714285714285716
447,0,-0.42857142857142855
448,0,-0.42857142857142855
449,0,-0.5
450,0,-0.5
451,0,-0.6428571428571429
452,1,0.35714285714285715
453,0,-0.6428571428571429
454,0,-0.35714285714285715
455,1,0.6428571428571429
456,0,-0.35714285714285715
457,2,1.6428571428571428
458,0,-0.5
459,1,0.5
460,0,-0.5
461,0,-0.5714285714285714
462,0,-0.5714285714285714
463,0,-0.5
464,2,1.5
465,0,-0.35714285714285715
466,1,0.6428571428571429
467,1,0.7142857142857143
468,0,-0.35714285714285715
469,0,-0.42857142857142855
470,0,-0.42857142857142855
471,0,-0.8571428571428571
472,0,-0.7142857142857143
473,0,-0.7142857142857143
474,1,0.35714285714285715
475,1,0.35714285714285715
476,0,-0.6428571428571429
477,6,5.357142857142857
478,0,-0.7142857142857143
479,0,-0.7857142857142857
480,0,-0.7857142857142857
481,1,0.21428571428571427
482,0,-0.7142857142857143
483,0,-0.6428571428571429
484,1,0.2857142857142857
485,1,0.6428571428571429
486,0,-0.35714285714285715
487,0,-0.35714285714285715
488,0,-0.42857142857142855
489,0,-0.35714285714285715
490,1,0.6428571428571429
491,1,0.6428571428571429
492,0,-0.2857142857142857
493,0,-0.2857142857142857
494,1,0.7142857142857143
495,0,-0.35714285714285715
496,0,-0.42857142857142855
497,0,-0.42857142857142855
498,0,-0.42857142857142855
499,1,0.6428571428571429
500,0,-0.42857142857142855
501,1,0.5
502,1,0.5714285714285714
503,0,-0.42857142857142855
504,1,0.5714285714285714
505,0,-0.42857142857142855
506,1,0.42857142857142855
507,1,0.5
508,0,-0.5
509,0,-0.42857142857142855
510,0,-0.35714285714285715
511,0,-0.35714285714285715
512,2,1.7142857142857142
513,0,-0.2857142857142857
514,0,-0.21428571428571427
515,0,-0.2857142857142857
516,0,-0.2857142857142857
517,0,-0.35714285714285715
518,0,-0.42857142857142855
519,0,-0.42857142857142855
520,0,-0.2857142857142857
521,2,1.7142857142857142
522,0,-0.35714285714285715
523,1,0.6428571428571429
524,1,0.42857142857142855
525,0,-0.5714285714285714
526,0,-0.5714285714285714
527,0,-0.7857142857142857
528,1,0.21428571428571427
529,0,-0.6428571428571429
530,3,2.2857142857142856
531,0,-0.6428571428571429
532,0,-0.5714285714285714
533,3,2.357142857142857
534,0,-0.7142857142857143
535,0,-0.7857142857142857
536,1,0.2857142857142857
537,0,-0.7142857142857143
538,0,-0.5
539,1,0.42857142857142855
540,1,0.2857142857142857
541,1,0.35714285714285715
542,0,-0.7857142857142857
543,0,-0.7857142857142857
544,0,-0.7142857142857143
545,1,0.21428571428571427
546,2,1.1428571428571428
547,2,1.1428571428571428
548,2,1.1428571428571428
549,0,-0.7857142857142857
550,0,-0.8571428571428571
551,1,0.14285714285714285
552,1,0.07142857142857142
553,1,0.14285714285714285
554,1,0.07142857142857142
555,0,-0.8571428571428571
556,1,-0.14285714285714285
557,0,-1.1428571428571428
558,1,-0.14285714285714285
559,0,-1.1428571428571428
560,3,1.9285714285714286
561,1,-0.5714285714285714
562,6,4.357142857142857
563,0,-1.8571428571428572
564,0,-1.8571428571428572
565,1,-1.0714285714285714
566,0,-2.642857142857143
567,8,5.357142857142857
568,2,-0.42857142857142855
569,3,0.6428571428571429
570,1,-0.9285714285714286
571,3,1.0714285714285714
572,9,7.071428571428571
573,0,-2.0714285714285716
574,0,-2.0714285714285716
575,0,-1.5
576,0,-1.3571428571428572
577,0,-1.2142857142857142
578,0,-1.2142857142857142
579,3,1.9285714285714286
580,0,-0.42857142857142855
581,0,-0.5
582,0,-0.5
583,1,0.35714285714285715
584,1,0.2857142857142857
585,1,0.14285714285714285
586,0,-0.9285714285714286
587,1,0.21428571428571427
588,0,-0.9285714285714286
589,2,1.0714285714285714
590,1,0.07142857142857142
591,2,1.0714285714285714
592,1,-0.2857142857142857
593,1,-0.35714285714285715
594,2,0.6428571428571429
595,0,-1.4285714285714286
596,0,-1.5714285714285714
597,1,-0.5
598,6,4.5
599,2,0.5714285714285714
600,0,-2.0
601,2,-0.14285714285714285
602,2,-0.5
603,1,-1.5
604,1,-1.5
605,1,-1.4285714285714286
606,9,7.0
607,3,1.0714285714285714
608,7,5.0
609,0,-1.8571428571428572
610,0,-1.8571428571428572
611,0,-2.0714285714285716
612,0,-2.142857142857143
613,1,-1.0714285714285714
614,1,-0.5
615,0,-1.2857142857142858
616,2,1.2142857142857142
617,4,3.2142857142857144
618,2,0.9285714285714286
619,0,-1.0714285714285714
620,1,-0.14285714285714285
621,0,-1.1428571428571428
622,0,-1.2857142857142858
623,0,-1.3571428571428572
624,4,2.7142857142857144
625,0,-1.1428571428571428
626,1,-0.07142857142857142
627,1,-0.14285714285714285
628,3,1.7857142857142858
629,1,-0.2857142857142857
630,1,-0.42857142857142855
631,2,0.42857142857142855
632,1,-0.35714285714285715
633,1,-0.42857142857142855
634,2,0.5714285714285714
635,1,-0.5
636,2,0.7142857142857143
637,2,0.7142857142857143
638,1,-0.2857142857142857
639,1,-0.21428571428571427
640,1,-0.14285714285714285
641,2,0.8571428571428571
642,0,-1.0714285714285714
643,1,-0.07142857142857142
644,1,0.0
645,1,0.14285714285714285
646,0,-0.9285714285714286
647,1,0.14285714285714285
648,1,0.14285714285714285
649,1,0.14285714285714285
650,1,0.07142857142857142
651,0,-1.0714285714285714
652,2,0.9285714285714286
653,0,-1.0
654,1,-0.07142857142857142
655,2,0.9285714285714286
656,1,0.0
657,3,1.9285714285714286
658,1,-0.42857142857142855
659,0,-1.5
660,1,-0.35714285714285715
661,1,-0.42857142857142855
662,0,-1.5
663,2,0.42857142857142855
664,6,4.5
665,1,-0.2857142857142857
666,0,-1.2142857142857142
667,1,-0.42857142857142855
668,2,0.5
669,3,1.5
670,0,-1.5
671,0,-1.3571428571428572
672,0,-0.9285714285714286
673,3,2.0714285714285716
674,2,0.8571428571428571
675,1,-0.14285714285714285
676,0,-1.0
677,0,-0.8571428571428571
678,0,-0.8571428571428571
679,1,0.0
680,3,2.0
681,1,0.21428571428571427
682,0,-0.8571428571428571
683,1,0.14285714285714285
684,0,-1.0
685,2,0.9285714285714286
686,0,-1.2857142857142858
687,0,-1.5
688,3,1.7142857142857142
689,1,-0.2857142857142857
690,2,0.7142857142857143
691,1,-0.35714285714285715
692,3,1.5714285714285714
693,4,2.642857142857143
694,0,-1.4285714285714286
695,1,-0.6428571428571429
696,0,-1.4285714285714286
697,2,0.5
698,1,-0.35714285714285715
699,1,-0.35714285714285715
700,1,-0.14285714285714285
701,3,2.0714285714285716
702,0,-1.0
703,2,0.9285714285714286
704,0,-1.0714285714285714
705,1,-0.07142857142857142
706,0,-1.0714285714285714
707,1,-0.07142857142857142
708,1,-0.14285714285714285
709,2,1.0
710,0,-1.1428571428571428
711,2,0.9285714285714286
712,1,-0.21428571428571427
713,1,-0.2857142857142857
714,2,0.6428571428571429
715,1,-0.2857142857142857
716,2,0.7142857142857143
717,1,-0.21428571428571427
718,2,0.7857142857142857
719,2,0.9285714285714286
720,1,-0.21428571428571427
721,0,-1.1428571428571428
722,1,-0.42857142857142855
723,1,-0.42857142857142855
724,0,-1.3571428571428572
725,0,-1.3571428571428572
726,3,1.7857142857142858
727,0,-1.2857142857142858
728,6,4.571428571428571
729,1,-0.5
730,1,-0.5
731,1,-0.42857142857142855
732,0,-1.5
733,3,1.5
734,3,1.5714285714285714
735,1,-0.42857142857142855
736,1,0.0
737,0,-0.9285714285714286
738,1,-0.07142857142857142
739,0,-1.0
740,2,0.8571428571428571
741,0,-1.1428571428571428
742,0,-1.1428571428571428
743,0,-1.1428571428571428
744,3,1.7857142857142858
745,0,-1.2857142857142858
746,2,0.7142857142857143
747,3,1.6428571428571428
748,3,1.6428571428571428
749,1,-0.35714285714285715
750,2,0.5
751,1,-0.7142857142857143
752,1,-0.5
753,1,-0.5714285714285714
754,2,0.5714285714285714
755,0,-1.5714285714285714
756,2,0.5
757,3,1.5714285714285714
758,0,-1.2857142857142858
759,1,-0.35714285714285715
760,0,-1.2857142857142858
761,5,3.5714285714285716
762,2,0.6428571428571429
763,0,-1.3571428571428572
764,0,-1.2857142857142858
765,2,0.9285714285714286
766,0,-1.4285714285714286
767,3,1.6428571428571428
768,1,-0.35714285714285715
769,0,-1.0714285714285714
770,1,-0.07142857142857142
771,0,-1.0714285714285714
772,5,3.9285714285714284
773,0,-1.0714285714285714
774,0,-1.0714285714285714
775,1,-0.42857142857142855
776,2,0.42857142857142855
777,0,-1.7857142857142858
778,0,-2.0714285714285716
779,2,-0.5714285714285714
780,0,-2.4285714285714284
781,8,5.357142857142857
782,3,0.21428571428571427
783,3,-0.07142857142857142
784,5,1.8571428571428572
785,7,3.857142857142857
786,3,-0.2857142857142857
787,3,-0.21428571428571427
788,2,-1.5714285714285714
789,5,1.5
790,3,-0.2857142857142857
791,0,-3.5
792,2,-1.3571428571428572
793,1,-1.9285714285714286
794,5,2.142857142857143
795,7,4.285714285714286
796,0,-2.5714285714285716
797,6,3.7142857142857144
798,3,0.7857142857142857
799,1,-1.5714285714285714
800,2,-0.7142857142857143
801,1,-1.7857142857142858
802,0,-2.5714285714285716
803,1,-1.0714285714285714
804,2,-0.07142857142857142
805,5,3.142857142857143
806,4,2.2857142857142856
807,2,-0.14285714285714285
808,2,-0.2857142857142857
809,0,-2.357142857142857
810,0,-2.4285714285714284
811,3,0.42857142857142855
812,1,-1.5714285714285714
813,7,4.642857142857143
814,4,1.8571428571428572
815,2,-0.2857142857142857
816,1,-1.5714285714285714
817,3,0.2857142857142857
818,2,-0.8571428571428571
819,2,-0.7857142857142857
820,1,-2.0
821,4,1.5
822,6,3.642857142857143
823,2,-0.21428571428571427
824,2,-0.2857142857142857
825,2,-0.2857142857142857
826,4,1.7857142857142858
827,0,-2.0714285714285716
828,2,-0.07142857142857142
829,0,-2.142857142857143
830,2,0.0
831,3,1.0714285714285714
832,1,-1.0714285714285714
833,0,-2.142857142857143
834,1,-0.9285714285714286
835,5,3.0714285714285716
836,4,1.9285714285714286
837,1,-1.5
838,4,1.4285714285714286
839,3,0.35714285714285715
840,1,-1.7857142857142858
841,0,-3.0
842,4,0.9285714285714286
843,6,2.9285714285714284
844,3,-0.21428571428571427
845,4,0.6428571428571429
846,3,-0.5714285714285714
847,3,-0.8571428571428571
848,2,-2.0714285714285716
849,5,0.6428571428571429
850,6,1.9285714285714286
851,3,-0.9285714285714286
852,7,2.7142857142857144
853,7,2.5
854,4,-0.5
855,4,-0.6428571428571429
856,0,-5.357142857142857
857,4,-1.0714285714285714
858,8,3.142857142857143
859,7,1.9285714285714286
860,3,-2.0714285714285716
861,5,0.35714285714285715
862,12,7.642857142857143
863,1,-3.2142857142857144
864,3,-1.6428571428571428
865,6,0.2857142857142857
866,7,0.6428571428571429
867,1,-5.571428571428571
868,0,-6.928571428571429
869,2,-5.357142857142857
870,6,-0.8571428571428571
871,19,11.857142857142858
872,17,9.785714285714286
873,10,2.7857142857142856
874,8,0.6428571428571429
875,11,3.5714285714285716
876,5,-2.9285714285714284
877,5,-3.2142857142857144
878,4,-3.857142857142857
879,6,-0.7857142857142857
880,9,2.5
881,2,-4.214285714285714
882,7,0.9285714285714286
883,6,-0.2857142857142857
884,1,-5.428571428571429
885,4,-2.2142857142857144
886,13,6.714285714285714
887,6,0.0
888,6,0.2857142857142857
889,14,8.071428571428571
890,7,1.2142857142857142
891,2,-3.9285714285714284
892,5,-1.5714285714285714
893,2,-5.214285714285714
894,5,-2.0
895,5,-2.0714285714285716
896,5,-2.142857142857143
897,8,1.3571428571428572
898,10,0.7142857142857143
899,13,3.5714285714285716
900,10,0.6428571428571429
901,7,-2.642857142857143
902,7,-2.357142857142857
903,7,-2.5
904,44,34.57142857142857
905,4,-5.285714285714286
906,4,-5.0
907,6,-2.7142857142857144
908,1,-7.428571428571429
909,7,-1.1428571428571428
910,4,-3.9285714285714284
911,6,-1.5714285714285714
912,6,1.2857142857142858
913,9,3.857142857142857
914,6,1.0714285714285714
915,3,-1.9285714285714286
916,4,-1.1428571428571428
917,2,-3.357142857142857
918,4,-1.2857142857142858
919,10,4.714285714285714
920,1,-4.071428571428571
921,6,1.3571428571428572
922,4,-0.5
923,10,5.357142857142857
924,3,-1.7142857142857142
925,6,1.0714285714285714
926,3,-1.8571428571428572
927,3,-1.5714285714285714
928,4,-0.6428571428571429
929,5,0.5714285714285714
930,5,0.5714285714285714
931,5,0.5
932,3,-1.4285714285714286
933,6,1.5
934,2,-3.142857142857143
935,3,-2.5
936,4,-1.3571428571428572
937,11,5.285714285714286
938,2,-3.7142857142857144
939,7,1.1428571428571428
940,12,6.142857142857143
941,8,2.0714285714285716
942,2,-4.642857142857143
943,10,3.0
944,5,-2.2142857142857144
945,7,0.21428571428571427
946,3,-5.071428571428571
947,7,-0.9285714285714286
948,12,4.428571428571429
949,8,-0.42857142857142855
950,7,-1.5714285714285714
951,5,-3.4285714285714284
952,20,11.714285714285714
953,5,-3.7142857142857144
954,7,-1.8571428571428572
955,20,10.857142857142858
956,4,-4.428571428571429
957,8,-0.14285714285714285
958,3,-5.285714285714286
959,13,4.571428571428571
960,5,-3.5
961,11,1.3571428571428572
962,2,-8.0
963,4,-5.428571428571429
964,9,-1.3571428571428572
965,7,-3.357142857142857
966,21,10.0
967,21,9.857142857142858
968,12,0.35714285714285715
969,12,-0.21428571428571427
970,17,4.142857142857143
971,8,-5.285714285714286
972,12,-1.1428571428571428
973,15,2.0
974,12,0.35714285714285715
975,19,8.142857142857142
976,11,-3.5714285714285716
977,10,-5.071428571428571
978,7,-7.642857142857143
979,5,-9.714285714285714
980,2,-12.142857142857142
981,10,-3.4285714285714284
982,64,50.714285714285715
983,19,6.642857142857143
984,11,-1.3571428571428572
985,9,-3.142857142857143
986,4,-7.785714285714286
987,5,-6.642857142857143
988,10,-1.7142857142857142
989,6,-5.5
990,11,3.2857142857142856
991,7,0.21428571428571427
992,2,-4.714285714285714
993,3,-3.857142857142857
994,3,-3.7857142857142856
995,7,0.21428571428571427
996,11,4.357142857142857
997,6,-0.7857142857142857
998,10,3.5714285714285716
999,11,5.0
1000,3,-3.4285714285714284
1001,5,-1.9285714285714286
1002,8,0.5714285714285714
1003,8,0.5714285714285714
1004,6,-1.3571428571428572
1005,1,-6.571428571428571
1006,8,0.9285714285714286
1007,10,3.357142857142857
1008,10,3.357142857142857
1009,7,0.14285714285714285
1010,10,3.0
1011,9,2.0
1012,3,-4.071428571428571
1013,5,-2.5714285714285716
1014,3,-4.857142857142857
1015,8,-0.7142857142857143
1016,10,1.4285714285714286
1017,8,-0.5714285714285714
1018,7,-1.3571428571428572
1019,8,-0.35714285714285715
1020,12,3.5714285714285716
1021,22,13.571428571428571
1022,8,-0.35714285714285715
1023,7,-1.2142857142857142
1024,7,-1.1428571428571428
1025,9,0.5714285714285714
1026,4,-4.214285714285714
1027,5,-2.857142857142857
1028,2,-5.5
1029,6,-0.35714285714285715
1030,9,2.9285714285714284
1031,12,5.071428571428571
1032,4,-2.857142857142857
1033,3,-3.357142857142857
1034,7,0.2857142857142857
1035,6,-1.0714285714285714
1036,4,-3.0714285714285716
1037,19,12.071428571428571
1038,6,-0.5714285714285714
1039,2,-4.5
1040,9,2.5
1041,10,3.0714285714285716
1042,2,-4.714285714285714
1043,4,-3.0714285714285716
1044,4,-3.357142857142857
1045,11,4.571428571428571
1046,4,-2.142857142857143
1047,9,2.5
1048,4,-2.357142857142857
1049,11,4.785714285714286
1050,8,1.3571428571428572
1051,6,-0.9285714285714286
1052,2,-5.285714285714286
1053,7,-0.7857142857142857
1054,7,-1.5
1055,8,-0.5714285714285714
1056,8,-0.9285714285714286
1057,8,-0.7857142857142857
1058,9,-0.42857142857142855
1059,18,8.571428571428571
1060,14,3.7857142857142856
1061,10,0.0
1062,9,-1.1428571428571428
1063,9,-1.2142857142857142
1064,17,6.857142857142857
1065,6,-3.857142857142857
1066,13,2.5
1067,4,-5.928571428571429
1068,9,-0.5714285714285714
1069,9,-0.5714285714285714
1070,7,-2.2142857142857144
1071,4,-5.0
1072,18,9.857142857142858
1073,10,2.142857142857143
1074,9,1.7857142857142858
1075,10,1.8571428571428572
1076,4,-3.7142857142857144
1077,6,-1.5
1078,5,-2.5
1079,2,-5.571428571428571
1080,4,-3.142857142857143
1081,17,9.714285714285714
1082,3,-4.642857142857143
1083,6,-1.3571428571428572
1084,7,-0.7857142857142857
1085,5,-3.0
1086,12,3.4285714285714284
1087,12,2.7857142857142856
1088,14,4.857142857142857
1089,6,-2.357142857142857
1090,10,1.7142857142857142
1091,9,0.8571428571428571
1092,13,4.928571428571429
1093,11,3.2142857142857144
1094,3,-4.214285714285714
1095,6,-0.7857142857142857
1096,2,-4.428571428571429
1097,4,-2.2857142857142856
1098,6,0.0
1099,1,-4.642857142857143
1100,4,-1.2142857142857142
1101,6,1.2142857142857142
1102,9,4.0
1103,4,-1.2857142857142858
1104,6,0.07142857142857142
1105,4,-1.8571428571428572
1106,7,1.2142857142857142
1107,5,-1.2857142857142858
1108,6,-0.35714285714285715
1109,10,3.7857142857142856
1110,11,5.142857142857143
1111,3,-3.2142857142857144
1112,5,-1.2142857142857142
1113,8,1.4285714285714286
1114,5,-1.1428571428571428
1115,4,-2.5714285714285716
1116,4,-2.5
1117,9,2.857142857142857
1118,6,0.35714285714285715
1119,9,3.357142857142857
1120,1,-4.642857142857143
1121,11,5.571428571428571
1122,5,-0.7142857142857143
1123,5,-0.9285714285714286
1124,4,-1.7857142857142858
1125,3,-2.4285714285714284
1126,5,-0.5714285714285714
1127,5,-1.7142857142857142
1128,9,1.0
1129,7,-0.9285714285714286
1130,2,-6.214285714285714
1131,4,-3.9285714285714284
1132,8,0.14285714285714285
1133,25,16.928571428571427
1134,19,11.071428571428571
1135,10,1.9285714285714286
1136,9,1.2857142857142858
1137,1,-6.5
1138,3,-4.571428571428571
1139,6,-1.5714285714285714
1140,3,-4.071428571428571
1141,7,1.4285714285714286
1142,4,-0.2857142857142857
1143,4,0.21428571428571427
1144,3,-0.5
1145,4,-0.14285714285714285
1146,1,-3.642857142857143
1147,4,-0.7857142857142857
1148,1,-4.071428571428571
1149,3,-1.8571428571428572
1150,5,0.0
1151,10,4.785714285714286
1152,10,4.285714285714286
1153,8,2.142857142857143
1154,7,0.5
1155,4,-2.7142857142857144
1156,6,-0.7857142857142857
1157,7,0.14285714285714285
1158,10,3.2142857142857144
1159,6,-0.5714285714285714
1160,10,3.2857142857142856
1161,7,0.21428571428571427
1162,2,-4.5
1163,4,-3.0
1164,4,-3.142857142857143
1165,7,-0.07142857142857142
1166,12,5.071428571428571
1167,9,2.2142857142857144
1168,3,-3.5
1169,11,4.5
1170,8,1.0
1171,6,-1.2142857142857142
1172,8,0.5
1173,4,-3.357142857142857
1174,6,-0.6428571428571429
1175,7,0.5
1176,9,2.5714285714285716
1177,7,1.0714285714285714
1178,8,1.8571428571428572
1179,5,-0.9285714285714286
1180,2,-3.7857142857142856
1181,7,0.7857142857142857
1182,2,-4.071428571428571
1183,4,-2.2857142857142856
1184,11,5.142857142857143
1185,3,-2.642857142857143
1186,6,0.21428571428571427
1187,10,3.9285714285714284
1188,4,-2.7857142857142856
1189,10,3.4285714285714284
1190,3,-3.5
1191,4,-2.642857142857143
1192,10,3.642857142857143
1193,9,2.0
1194,12,5.285714285714286
1195,4,-2.5
1196,1,-5.857142857142857
1197,6,-0.6428571428571429
1198,7,-0.14285714285714285
1199,12,4.714285714285714
1200,2,-5.142857142857143
1201,7,-0.07142857142857142
1202,9,2.4285714285714284
1203,7,0.35714285714285715
1204,10,3.0
1205,6,-0.6428571428571429
1206,8,1.5
1207,8,1.9285714285714286
1208,5,-1.2142857142857142
1209,5,-1.0
1210,6,0.21428571428571427
1211,1,-4.785714285714286
1212,5,-0.2857142857142857
1213,6,0.5714285714285714
1214,4,-1.0714285714285714
1215,4,-1.2142857142857142
1216,6,0.5
1217,7,1.1428571428571428
1218,3,-3.0
1219,8,1.1428571428571428
1220,3,-4.142857142857143
1221,10,2.5
1222,9,1.1428571428571428
1223,10,1.2142857142857142
1224,8,-0.9285714285714286
1225,13,3.5
1226,9,-0.8571428571428571
1227,11,1.1428571428571428
1228,9,-1.0714285714285714
1229,17,7.214285714285714
1230,8,-1.7142857142857142
1231,15,5.714285714285714
1232,8,-1.1428571428571428
1233,8,-0.5714285714285714
1234,6,-3.0
1235,6,-2.857142857142857
1236,8,-0.5
1237,4,-3.5714285714285716
1238,6,-1.1428571428571428
1239,5,-2.142857142857143
1240,15,7.714285714285714
1241,9,2.0714285714285716
1242,4,-2.7142857142857144
1243,4,-2.5714285714285716
1244,2,-4.357142857142857
1245,15,8.428571428571429
1246,10,3.357142857142857
1247,3,-3.5714285714285716
1248,3,-2.9285714285714284
1249,4,-1.9285714285714286
1250,5,-0.7142857142857143
1251,7,1.2857142857142858
1252,7,0.7857142857142857
1253,4,-1.4285714285714286
1254,6,1.0
1255,9,3.4285714285714284
1256,1,-4.571428571428571
1257,4,-1.3571428571428572
1258,9,3.5
1259,4,-1.3571428571428572
1260,4,-1.2857142857142858
1261,11,5.571428571428571
1262,3,-2.2857142857142856
1263,1,-4.142857142857143
1264,7,1.2142857142857142
1265,5,-0.7857142857142857
1266,6,0.42857142857142855
1267,6,0.6428571428571429
1268,4,-1.2142857142857142
1269,7,2.2857142857142856
1270,10,5.0
1271,4,-1.2857142857142858
1272,6,1.0
1273,1,-3.857142857142857
1274,2,-2.857142857142857
1275,4,-0.5
1276,7,2.2142857142857144
1277,5,0.5
1278,3,-0.8571428571428571
1279,3,-0.8571428571428571
1280,6,2.2142857142857144
1281,1,-3.357142857142857
1282,8,3.642857142857143
1283,3,-2.0
1284,1,-3.7857142857142856
1285,4,-1.0
1286,5,-0.14285714285714285
1287,9,3.5
1288,2,-3.4285714285714284
1289,13,7.142857142857143
1290,4,-1.5714285714285714
1291,8,1.6428571428571428
1292,5,-2.2142857142857144
1293,8,0.5714285714285714
1294,5,-3.0714285714285716
1295,7,-0.8571428571428571
1296,4,-4.142857142857143
1297,14,6.285714285714286
1298,13,4.785714285714286
1299,7,-0.9285714285714286
1300,14,5.857142857142857
1301,6,-2.0
1302,6,-2.142857142857143
1303,7,-1.2857142857142858
1304,11,2.7142857142857144
1305,4,-3.4285714285714284
1306,8,0.6428571428571429
1307,6,-1.3571428571428572
1308,7,-0.07142857142857142
1309,9,2.142857142857143
1310,4,-2.857142857142857
1311,2,-4.857142857142857
1312,12,5.285714285714286
1313,7,0.0
1314,10,3.142857142857143
1315,3,-3.9285714285714284
1316,6,-2.0714285714285716
1317,7,-0.7857142857142857
1318,9,1.2857142857142858
1319,8,0.35714285714285715
1320,6,-0.8571428571428571
1321,7,0.14285714285714285
1322,23,16.571428571428573
1323,5,-1.5
1324,3,-3.642857142857143
1325,1,-5.785714285714286
1326,1,-5.928571428571429
1327,7,0.21428571428571427
1328,4,-2.9285714285714284
1329,4,-3.0714285714285716
1330,8,2.0
1331,9,3.142857142857143
1332,11,4.928571428571429
1333,6,-0.7857142857142857
1334,8,-1.9285714285714286
1335,9,-1.2142857142857142
1336,8,-2.4285714285714284
1337,3,-7.714285714285714
1338,6,-4.5
1339,11,0.35714285714285715
1340,45,34.57142857142857
1341,11,0.5
1342,7,-3.5
1343,8,-2.642857142857143
1344,5,-6.0
1345,11,-0.5714285714285714
1346,8,-3.9285714285714284
1347,7,-4.571428571428571
1348,8,-0.9285714285714286
1349,11,1.7857142857142858
1350,13,4.071428571428571
1351,11,2.2857142857142856
1352,11,2.0
1353,6,-2.5
1354,8,-0.5
1355,15,6.714285714285714
1356,3,-5.571428571428571
1357,5,-3.4285714285714284
1358,9,1.0714285714285714
1359,4,-3.857142857142857
1360,8,0.5
1361,4,-3.5714285714285716
1362,12,4.5
1363,9,2.0714285714285716
1364,6,-0.9285714285714286
1365,10,2.7857142857142856
1366,6,-0.8571428571428571
1367,7,-0.07142857142857142
1368,7,0.14285714285714285
1369,7,-0.07142857142857142
1370,3,-3.4285714285714284
1371,9,2.9285714285714284
1372,4,-2.4285714285714284
1373,7,0.5714285714285714
1374,5,-1.5
1375,7,-0.5714285714285714
1376,3,-4.928571428571429
1377,4,-4.785714285714286
1378,11,2.142857142857143
1379,10,1.2142857142857142
1380,7,-2.0
1381,22,13.0
1382,12,3.0714285714285716
1383,19,9.5
1384,4,-6.0
1385,8,-2.4285714285714284
1386,7,-3.142857142857143
1387,7,-2.642857142857143
1388,4,-5.571428571428571
1389,15,6.285714285714286
1390,10,1.7857142857142858
1391,10,2.5714285714285716
1392,7,-0.5
1393,3,-4.428571428571429
1394,6,-1.2857142857142858
1395,10,2.4285714285714284
1396,5,-3.0
1397,8,0.6428571428571429
1398,5,-2.357142857142857
1399,7,-0.7857142857142857
1400,5,-3.0
1401,11,2.4285714285714284
1402,10,1.2142857142857142
1403,6,-2.4285714285714284
1404,10,1.0
1405,16,6.857142857142857
1406,10,0.7857142857142857
1407,11,1.0714285714285714
1408,9,-1.0
1409,5,-4.714285714285714
1410,13,3.0
1411,10,-0.2857142857142857
1412,6,-4.785714285714286
1413,17,7.071428571428571
1414,6,-4.071428571428571
1415,7,-3.0
1416,14,3.7857142857142856
1417,10,-0.7857142857142857
1418,17,5.928571428571429
1419,4,-6.785714285714286
1420,12,0.7142857142857143
1421,10,-1.0
1422,12,0.5
1423,13,1.2142857142857142
1424,17,5.571428571428571
1425,6,-5.428571428571429
1426,13,1.8571428571428572
1427,13,0.8571428571428571
1428,13,0.8571428571428571
1429,11,-1.1428571428571428
1430,9,-2.7857142857142856
1431,10,-1.2142857142857142
1432,13,2.357142857142857
1433,18,7.214285714285714
1434,12,1.2857142857142858
1435,10,-0.6428571428571429
1436,7,-3.7142857142857144
1437,5,-5.571428571428571
1438,9,-1.4285714285714286
1439,8,-1.9285714285714286
1440,12,1.7142857142857142
1441,12,2.142857142857143
1442,14,4.357142857142857
1443,9,-0.8571428571428571
1444,7,-3.642857142857143
1445,3,-7.785714285714286
1446,18,7.285714285714286
1447,12,1.2857142857142858
1448,9,-1.3571428571428572
1449,13,3.142857142857143
1450,18,8.571428571428571
1451,7,-2.857142857142857
1452,8,-2.0
1453,8,-2.2857142857142856
1454,7,-2.9285714285714284
1455,5,-4.642857142857143
1456,8,-1.4285714285714286
1457,15,6.357142857142857
1458,9,1.3571428571428572
1459,7,-0.7142857142857143
1460,13,5.5
1461,8,0.7142857142857143
1462,6,-1.3571428571428572
1463,2,-5.214285714285714
1464,4,-3.2142857142857144
1465,8,1.4285714285714286
1466,5,-1.7142857142857142
1467,5,-1.5714285714285714
1468,8,1.8571428571428572
1469,3,-3.0
1470,8,2.142857142857143
1471,6,0.14285714285714285
1472,11,5.0
1473,5,-1.0
1474,7,1.1428571428571428
1475,6,0.21428571428571427
1476,4,-1.5
1477,2,-3.4285714285714284
1478,6,0.7857142857142857
1479,8,2.642857142857143
1480,3,-2.2142857142857144
1481,4,-1.1428571428571428
1482,4,-0.9285714285714286
1483,2,-2.857142857142857
1484,5,0.2857142857142857
1485,8,3.2142857142857144
1486,9,4.142857142857143
1487,4,-0.5
1488,4,-1.0
1489,5,-0.2857142857142857
1490,2,-4.214285714285714
1491,3,-4.142857142857143
1492,7,-0.21428571428571427
1493,3,-4.285714285714286
1494,10,2.5
1495,8,0.35714285714285715
1496,17,9.571428571428571
1497,15,7.285714285714286
1498,6,-2.0
1499,9,0.7857142857142857
1500,12,3.642857142857143
1501,6,-2.7857142857142856
1502,1,-7.571428571428571
1503,9,0.35714285714285715
1504,6,-1.8571428571428572
1505,6,-1.0
1506,9,2.142857142857143
1507,9,2.142857142857143
1508,7,0.7142857142857143
1509,9,2.857142857142857
1510,6,-0.5
1511,3,-4.571428571428571
1512,4,-3.4285714285714284
1513,9,1.4285714285714286
1514,4,-3.857142857142857
1515,4,-3.857142857142857
1516,6,-1.7857142857142858
1517,24,15.642857142857142
1518,4,-4.428571428571429
1519,8,-1.2142857142857142
1520,13,3.7142857142857144
1521,9,-0.35714285714285715
1522,6,-3.857142857142857
1523,17,6.571428571428571
1524,7,-3.5
1525,14,4.5
1526,5,-4.714285714285714
1527,10,0.35714285714285715
1528,11,1.5714285714285714
1529,12,2.4285714285714284
1530,7,-2.857142857142857
1531,10,1.0714285714285714
1532,7,-1.6428571428571428
1533,7,-1.3571428571428572
1534,10,1.9285714285714286
1535,11,2.9285714285714284
1536,10,2.5
1537,4,-3.0714285714285716
1538,3,-3.7857142857142856
1539,10,3.7142857142857144
1540,1,-5.214285714285714
1541,10,3.5714285714285716
1542,3,-3.2142857142857144
1543,6,0.21428571428571427
1544,3,-2.2142857142857144
1545,3,-2.4285714285714284
1546,6,0.2857142857142857
1547,10,4.642857142857143
1548,7,1.3571428571428572
1549,5,-0.7142857142857143
1550,2,-4.071428571428571
1551,7,0.9285714285714286
1552,7,0.42857142857142855
1553,5,-1.7857142857142858
1554,5,-1.5714285714285714
1555,11,5.0
1556,8,1.7857142857142858
1557,6,-0.42857142857142855
1558,10,3.2142857142857144
1559,6,-0.9285714285714286
1560,3,-3.7857142857142856
1561,2,-5.071428571428571
1562,10,2.642857142857143
1563,8,0.7142857142857143
1564,7,-0.14285714285714285
1565,9,1.5
1566,5,-2.2142857142857144
1567,9,1.7857142857142858
1568,9,1.3571428571428572
1569,10,2.0
1570,6,-1.4285714285714286
1571,11,3.5
1572,6,-1.2857142857142858
1573,6,-0.9285714285714286
1574,9,2.0
1575,7,0.14285714285714285
1576,2,-4.642857142857143
1577,9,2.2142857142857144
1578,4,-2.5
1579,4,-2.5
1580,6,-1.0
1581,7,0.07142857142857142
1582,6,-0.5714285714285714
1583,12,5.5
1584,2,-5.071428571428571
1585,11,4.214285714285714
1586,13,5.357142857142857
1587,5,-3.357142857142857
1588,4,-4.714285714285714
1589,6,-2.5714285714285716
1590,10,1.3571428571428572
1591,5,-3.7857142857142856
1592,16,6.142857142857143
1593,14,4.142857142857143
1594,11,1.6428571428571428
1595,5,-4.5
1596,7,-2.5
1597,14,4.5
1598,17,7.642857142857143
1599,11,1.2142857142857142
1600,6,-3.4285714285714284
1601,7,-1.7142857142857142
1602,4,-4.142857142857143
1603,6,-2.7142857142857144
1604,8,-0.5714285714285714
1605,11,3.0
1606,11,3.5
1607,4,-3.9285714285714284
1608,3,-5.142857142857143
1609,13,4.642857142857143
1610,5,-3.7142857142857144
1611,6,-2.642857142857143
1612,10,1.5
1613,17,9.071428571428571
1614,9,1.2857142857142858
1615,10,2.142857142857143
1616,9,1.0
1617,5,-2.4285714285714284
1618,6,-1.4285714285714286
1619,3,-4.642857142857143
1620,8,0.07142857142857142
1621,6,-1.2857142857142858
1622,5,-2.142857142857143
1623,5,-2.0
1624,5,-1.7142857142857142
1625,9,2.2142857142857144
1626,14,7.142857142857143
1627,8,1.0
1628,7,-0.07142857142857142
1629,8,0.5714285714285714
1630,5,-3.0
1631,6,-1.8571428571428572
1632,7,-1.2857142857142858
1633,5,-3.2142857142857144
1634,9,1.5
1635,11,3.7142857142857144
1636,13,5.785714285714286
1637,3,-4.5
1638,11,3.642857142857143
1639,8,0.5714285714285714
1640,4,-3.357142857142857
1641,5,-2.5
1642,6,-1.2142857142857142
1643,12,5.285714285714286
1644,3,-2.9285714285714284
1645,7,1.0714285714285714
1646,6,0.5714285714285714
1647,7,1.9285714285714286
1648,5,-0.14285714285714285
1649,4,-1.1428571428571428
1650,2,-3.0
1651,3,-1.4285714285714286
1652,4,-0.5714285714285714
1653,3,-1.8571428571428572
1654,5,0.0
1655,5,-0.07142857142857142
1656,4,-0.7857142857142857
1657,4,-1.0
1658,5,-0.21428571428571427
1659,11,5.5
1660,8,2.5714285714285716
1661,8,2.5714285714285716
1662,1,-4.857142857142857
1663,7,1.0714285714285714
1664,5,-0.8571428571428571
1665,7,1.0
1666,3,-2.857142857142857
1667,3,-2.2857142857142856
1668,11,6.142857142857143
1669,6,1.2142857142857142
1670,3,-2.142857142857143
1671,6,1.0
1672,3,-2.2857142857142856
1673,3,-2.7142857142857144
1674,2,-3.9285714285714284
1675,7,0.8571428571428571
1676,6,0.14285714285714285
1677,5,-1.2142857142857142
1678,9,2.4285714285714284
1679,13,6.428571428571429
1680,6,-0.7142857142857143
1681,6,-1.1428571428571428
1682,7,-0.35714285714285715
1683,11,3.5
1684,8,0.5
1685,6,-1.7857142857142858
1686,5,-2.5
1687,9,2.142857142857143
1688,5,-2.2142857142857144
1689,9,1.7857142857142858
1690,6,-1.0714285714285714
1691,9,2.5714285714285716
1692,5,-1.8571428571428572
1693,4,-2.9285714285714284
1694,11,4.071428571428571
1695,6,-1.0
1696,5,-2.4285714285714284
1697,2,-5.071428571428571
1698,14,7.071428571428571
1699,7,0.2857142857142857
1700,5,-1.7857142857142858
1701,10,2.7857142857142856
1702,11,3.9285714285714284
1703,4,-3.357142857142857
1704,4,-3.5714285714285716
1705,6,-2.2857142857142856
1706,6,-1.5714285714285714
1707,10,2.5
1708,9,1.5714285714285714
1709,10,3.142857142857143
1710,8,1.3571428571428572
1711,12,5.142857142857143
1712,4,-3.2857142857142856
1713,6,-1.3571428571428572
1714,4,-3.4285714285714284
1715,2,-5.5
1716,8,0.5
1717,7,-0.14285714285714285
1718,10,3.2142857142857144
1719,7,0.7142857142857143
1720,7,0.7857142857142857
1721,11,4.714285714285714
1722,9,2.642857142857143
1723,5,-1.7142857142857142
1724,3,-4.0
1725,5,-2.142857142857143
1726,3,-3.7142857142857144
1727,7,0.2857142857142857
1728,5,-1.5714285714285714
1729,7,0.8571428571428571
1730,12,5.714285714285714
1731,9,2.4285714285714284
1732,4,-2.9285714285714284
1733,7,-0.35714285714285715
1734,5,-2.7857142857142856
1735,5,-3.0714285714285716
1736,11,2.857142857142857
1737,9,1.1428571428571428
1738,8,0.2857142857142857
1739,11,3.2857142857142856
1740,9,1.2857142857142858
1741,11,3.142857142857143
1742,6,-2.142857142857143
1743,3,-5.357142857142857
1744,10,2.0714285714285716
1745,9,1.2857142857142858
1746,4,-4.428571428571429
1747,9,0.6428571428571429
1748,9,0.7857142857142857
1749,8,-0.21428571428571427
1750,5,-3.357142857142857
1751,6,-3.7857142857142856
1752,18,7.928571428571429
1753,10,-0.14285714285714285
1754,7,-3.2857142857142856
1755,11,0.5
1756,8,-1.8571428571428572
1757,23,13.357142857142858
1758,14,4.0
1759,10,0.07142857142857142
1760,6,-2.9285714285714284
1761,12,3.142857142857143
1762,0,-8.857142857142858
1763,5,-3.857142857142857
1764,10,1.3571428571428572
1765,5,-2.642857142857143
1766,4,-3.9285714285714284
1767,9,1.3571428571428572
1768,7,-0.7142857142857143
1769,11,3.642857142857143
1770,5,-3.642857142857143
1771,9,0.2857142857142857
1772,18,9.071428571428571
1773,6,-3.2857142857142856
1774,7,-2.642857142857143
1775,7,-2.2857142857142856
1776,18,8.642857142857142
1777,6,-3.0
1778,13,3.7142857142857144
1779,10,0.7142857142857143
1780,9,0.35714285714285715
1781,4,-5.214285714285714
1782,8,-1.5714285714285714
1783,6,-3.857142857142857
1784,9,-1.0
1785,9,-1.2857142857142858
1786,9,-0.7142857142857143
1787,14,4.785714285714286
1788,12,2.7857142857142856
1789,11,1.4285714285714286
1790,20,10.785714285714286
1791,10,0.8571428571428571
1792,5,-4.0
1793,3,-6.357142857142857
1794,9,-0.2857142857142857
1795,9,0.07142857142857142
1796,3,-5.571428571428571
1797,5,-3.5
1798,7,-0.9285714285714286
1799,14,5.714285714285714
1800,8,-0.7142857142857143
1801,9,0.0
1802,7,-1.8571428571428572
1803,10,1.2142857142857142
1804,12,3.0714285714285716
1805,15,5.928571428571429
1806,11,1.8571428571428572
1807,7,-1.7142857142857142
1808,7,-1.7142857142857142
1809,8,-0.2857142857142857
1810,5,-3.2142857142857144
1811,7,-0.8571428571428571
1812,8,0.5
1813,8,0.6428571428571429
1814,8,0.6428571428571429
1815,3,-4.642857142857143
1816,6,-1.5714285714285714
1817,5,-2.2142857142857144
1818,7,-0.14285714285714285
1819,13,6.285714285714286
1820,11,4.571428571428571
1821,11,4.928571428571429
1822,6,0.0
1823,3,-3.0714285714285716
1824,4,-1.8571428571428572
1825,1,-4.857142857142857
1826,4,-1.8571428571428572
1827,3,-2.357142857142857
1828,7,1.1428571428571428
1829,4,-1.4285714285714286
1830,3,-3.7142857142857144
1831,5,-1.7142857142857142
1832,7,-0.5714285714285714
1833,6,-2.642857142857143
1834,18,9.285714285714286
1835,5,-4.142857142857143
1836,24,13.928571428571429
1837,3,-8.714285714285714
1838,16,4.285714285714286
1839,16,4.571428571428571
1840,5,-7.357142857142857
1841,9,-4.214285714285714
1842,20,6.5
1843,27,12.857142857142858
1844,3,-9.928571428571429
1845,1,-12.071428571428571
1846,20,7.642857142857143
1847,18,6.714285714285714
1848,22,10.571428571428571
1849,14,2.642857142857143
1850,7,-3.2857142857142856
1851,5,-3.5714285714285716
1852,6,-2.7857142857142856
1853,1,-7.857142857142857
1854,7,-1.1428571428571428
1855,8,0.7142857142857143
1856,5,-0.9285714285714286
1857,3,-2.5
1858,6,0.21428571428571427
1859,2,-3.5714285714285716
1860,10,4.428571428571429
1861,6,0.2857142857142857
1862,3,-2.5714285714285716
1863,8,2.9285714285714284
1864,11,6.071428571428571
1865,2,-3.0714285714285716
1866,6,0.6428571428571429
1867,3,-2.357142857142857
1868,5,-0.5714285714285714
1869,1,-4.785714285714286
1870,3,-2.9285714285714284
1871,5,-1.0
1872,10,4.571428571428571
1873,2,-3.5
1874,13,7.5
1875,9,3.5
1876,5,-0.42857142857142855
1877,9,3.2142857142857144
1878,3,-2.7142857142857144
1879,3,-3.0714285714285716
1880,6,0.5714285714285714
1881,3,-2.642857142857143
1882,4,-1.5714285714285714
1883,6,0.2857142857142857
1884,2,-4.0
1885,10,4.5
1886,1,-4.928571428571429
1887,5,-1.5
1888,12,5.642857142857143
1889,11,4.571428571428571
1890,9,2.2857142857142856
1891,2,-4.785714285714286
1892,9,2.142857142857143
1893,11,4.571428571428571
1894,4,-2.7142857142857144
1895,4,-2.5
1896,8,2.0714285714285716
1897,7,1.7142857142857142
1898,3,-1.8571428571428572
1899,4,-1.0714285714285714
1900,5,0.35714285714285715
1901,2,-2.2857142857142856
1902,4,-0.14285714285714285
1903,2,-1.9285714285714286
1904,3,-0.8571428571428571
1905,5,1.4285714285714286
1906,3,-0.7142857142857143
1907,6,2.4285714285714284
1908,2,-1.7857142857142858
1909,1,-2.9285714285714284
1910,7,2.857142857142857
1911,3,-1.2857142857142858
1912,5,0.6428571428571429
1913,2,-2.5
1914,8,3.4285714285714284
1915,4,-0.5
1916,7,2.4285714285714284
1917,4,-0.5
1918,4,-0.2857142857142857
1919,7,2.7857142857142856
1920,4,-0.2857142857142857
1921,5,0.5714285714285714
1922,3,-1.0
1923,0,-3.9285714285714284
1924,4,0.5
1925,2,-1.5
1926,6,2.5714285714285716
1927,4,0.8571428571428571
1928,2,-1.2142857142857142
1929,3,0.0
1930,1,-1.9285714285714286
1931,4,0.21428571428571427
1932,3,-0.9285714285714286
1933,3,-0.9285714285714286
1934,5,0.5714285714285714
1935,2,-2.2857142857142856
1936,2,-2.357142857142857
1937,12,7.714285714285714
1938,6,1.5714285714285714
1939,2,-2.642857142857143
1940,13,8.214285714285714
1941,2,-2.642857142857143
1942,3,-1.4285714285714286
1943,2,-2.5714285714285716
1944,3,-1.6428571428571428
1945,7,2.9285714285714284
1946,5,1.0714285714285714
1947,1,-3.2857142857142856
1948,2,-1.5
1949,4,0.42857142857142855
1950,3,-1.0714285714285714
1951,4,-0.42857142857142855
1952,4,-0.6428571428571429
1953,7,2.642857142857143
1954,2,-2.2142857142857144
1955,3,-2.5
1956,10,4.285714285714286
1957,7,1.0714285714285714
1958,6,0.0
1959,3,-2.7857142857142856
1960,3,-2.7142857142857144
1961,19,13.5
1962,5,-0.7857142857142857
1963,7,1.1428571428571428
1964,4,-1.3571428571428572
1965,1,-4.214285714285714
1966,3,-1.8571428571428572
1967,4,-1.0
1968,6,0.9285714285714286
1969,4,-0.07142857142857142
1970,3,-1.2857142857142858
1971,5,0.9285714285714286
1972,1,-3.2857142857142856
1973,5,0.35714285714285715
1974,4,-0.9285714285714286
1975,5,0.07142857142857142
1976,8,3.142857142857143
1977,4,-0.9285714285714286
1978,7,1.9285714285714286
1979,6,1.0
1980,7,1.4285714285714286
1981,4,-1.5
1982,5,-0.5
1983,5,-0.2857142857142857
1984,5,-0.07142857142857142
1985,4,-1.0
1986,9,4.071428571428571
1987,4,-1.1428571428571428
1988,4,-0.8571428571428571
1989,2,-3.142857142857143
1990,5,-0.35714285714285715
1991,3,-2.2857142857142856
1992,6,0.7857142857142857
1993,9,3.9285714285714284
1994,3,-1.5714285714285714
1995,8,3.5714285714285716
1996,8,3.5714285714285716
1997,4,-0.42857142857142855
1998,4,-0.21428571428571427
1999,2,-2.357142857142857
2000,2,-2.0714285714285716
2001,2,-1.5714285714285714
2002,4,0.07142857142857142
2003,2,-1.6428571428571428
2004,2,-1.5
2005,5,1.7857142857142858
2006,2,-1.4285714285714286
2007,2,-2.142857142857143
2008,8,3.642857142857143
2009,4,-0.7857142857142857
2010,6,1.1428571428571428
2011,0,-5.142857142857143
2012,7,1.8571428571428572
2013,12,6.785714285714286
2014,5,-0.35714285714285715
2015,8,2.7142857142857144
2016,5,0.21428571428571427
2017,6,1.1428571428571428
2018,2,-2.857142857142857
2019,6,0.6428571428571429
2020,4,-1.2857142857142858
2021,1,-3.5714285714285716
2022,1,-3.4285714285714284
2023,5,0.7857142857142857
2024,6,1.5
2025,7,2.4285714285714284
2026,6,1.1428571428571428
2027,2,-2.7857142857142856
2028,3,-1.7142857142857142
2029,5,0.0
2030,9,3.7857142857142856
2031,7,1.9285714285714286
2032,6,1.0714285714285714
2033,5,0.21428571428571427
2034,3,-2.0
2035,5,-0.14285714285714285
2036,4,-1.2142857142857142
2037,3,-2.357142857142857
2038,4,-1.3571428571428572
2039,5,-0.42857142857142855
2040,9,3.2142857142857144
2041,4,-1.6428571428571428
2042,4,-1.5
2043,7,0.5
2044,9,2.142857142857143
2045,8,1.1428571428571428
2046,11,4.285714285714286
2047,3,-3.857142857142857
2048,1,-5.785714285714286
2049,19,11.928571428571429
2050,9,1.5714285714285714
2051,3,-4.214285714285714
2052,2,-5.0
2053,7,0.21428571428571427
2054,8,1.7857142857142858
2055,8,1.6428571428571428
2056,9,2.2857142857142856
2057,4,-1.7857142857142858
2058,6,0.42857142857142855
2059,5,-0.5
2060,3,-2.9285714285714284
2061,5,-0.42857142857142855
2062,6,0.9285714285714286
2063,6,1.0
2064,6,1.3571428571428572
2065,2,-3.142857142857143
2066,8,3.0714285714285716
2067,0,-5.071428571428571
2068,3,-2.0
2069,7,2.0714285714285716
2070,4,-0.5714285714285714
2071,11,6.5
2072,3,-1.2857142857142858
2073,7,2.142857142857143
2074,2,-3.5714285714285716
2075,4,-2.0
2076,1,-5.0
2077,5,-1.3571428571428572
2078,3,-3.357142857142857
2079,10,4.071428571428571
2080,18,12.142857142857142
2081,6,0.0
2082,3,-3.4285714285714284
2083,12,5.214285714285714
2084,4,-3.0714285714285716
2085,5,-2.0714285714285716
2086,2,-5.214285714285714
2087,9,2.2857142857142856
2088,8,2.2857142857142856
2089,9,3.2857142857142856
2090,5,-0.8571428571428571
2091,5,-0.42857142857142855
2092,5,-0.42857142857142855
2093,3,-2.2857142857142856
2094,4,-1.5
2095,6,0.8571428571428571
2096,5,0.0
2097,6,1.3571428571428572
2098,4,-0.5714285714285714
2099,3,-1.6428571428571428
2100,5,0.5
2101,4,-0.6428571428571429
2102,6,1.2857142857142858
2103,4,-0.7142857142857143
2104,4,-0.6428571428571429
2105,6,1.5
2106,3,-1.5
2107,5,0.5
2108,5,0.42857142857142855
2109,6,1.4285714285714286
2110,4,-0.6428571428571429
2111,4,-0.6428571428571429
2112,4,-0.6428571428571429
2113,3,-1.4285714285714286
2114,6,1.5
2115,4,-0.7857142857142857
2116,7,2.0714285714285716
2117,4,-0.8571428571428571
2118,4,-0.7857142857142857
2119,3,-1.6428571428571428
2120,4,-0.6428571428571429
2121,9,4.214285714285714
2122,7,2.142857142857143
2123,5,0.0
2124,3,-1.7857142857142858
2125,2,-2.642857142857143
2126,4,-0.5
2127,5,0.6428571428571429
2128,7,2.642857142857143
2129,6,2.2142857142857144
2130,4,0.07142857142857142
2131,2,-2.142857142857143
2132,2,-2.2142857142857144
2133,1,-3.2142857142857144
2134,4,-0.2857142857142857
2135,1,-3.142857142857143
2136,9,5.142857142857143
2137,8,3.7857142857142856
2138,4,-0.6428571428571429
2139,2,-3.0
2140,5,-0.21428571428571427
2141,3,-2.5
2142,3,-2.7142857142857144
2143,11,5.142857142857143
2144,10,4.428571428571429
2145,7,1.7142857142857142
2146,5,-0.5
2147,5,-0.7142857142857143
2148,7,1.3571428571428572
2149,3,-2.5714285714285716
2150,5,-0.8571428571428571
2151,4,-1.1428571428571428
2152,7,2.5
2153,5,0.42857142857142855
2154,4,-0.6428571428571429
2155,2,-2.4285714285714284
2156,7,2.857142857142857
2157,1,-3.142857142857143
2158,1,-3.0714285714285716
2159,8,3.642857142857143
2160,6,1.7142857142857142
2161,2,-2.142857142857143
2162,3,-1.3571428571428572
2163,3,-1.5714285714285714
2164,4,-0.42857142857142855
2165,8,3.5
2166,6,1.3571428571428572
2167,3,-1.2857142857142858
2168,7,2.357142857142857
2169,5,-0.35714285714285715
2170,5,-0.8571428571428571
2171,2,-5.142857142857143
2172,3,-4.357142857142857
2173,3,-4.285714285714286
2174,11,3.7142857142857144
2175,12,4.142857142857143
2176,10,2.2142857142857144
2177,21,13.285714285714286
2178,7,-2.142857142857143
2179,7,-2.642857142857143
2180,6,-4.214285714285714
2181,11,0.5714285714285714
2182,6,-4.0
2183,4,-5.357142857142857
2184,25,15.571428571428571
2185,9,0.7857142857142857
2186,11,3.0
2187,6,-1.5714285714285714
2188,5,-2.357142857142857
2189,3,-3.7857142857142856
2190,11,4.285714285714286
2191,4,-2.5
2192,4,-0.8571428571428571
2193,1,-3.7142857142857144
2194,3,-1.2142857142857142
2195,3,-1.2142857142857142
2196,5,1.0
2197,1,-3.0714285714285716
2198,2,-1.7142857142857142
2199,7,3.357142857142857
2200,4,0.42857142857142855
2201,6,2.2857142857142856
2202,2,-1.9285714285714286
2203,4,0.0
2204,6,2.0
2205,3,-1.1428571428571428
2206,3,-1.5
2207,3,-1.8571428571428572
2208,6,0.7857142857142857
2209,4,-1.3571428571428572
2210,5,-0.5
2211,3,-2.9285714285714284
2212,7,1.2142857142857142
2213,12,6.428571428571429
2214,9,3.0714285714285716
2215,8,1.8571428571428572
2216,4,-1.8571428571428572
2217,10,4.428571428571429
2218,4,-1.2857142857142858
2219,0,-5.642857142857143
2220,8,2.857142857142857
2221,6,1.5
2222,2,-2.142857142857143
2223,0,-3.9285714285714284
2224,1,-2.857142857142857
2225,8,4.642857142857143
2226,0,-3.357142857142857
2227,3,-0.5714285714285714
2228,4,0.42857142857142855
2229,5,1.7142857142857142
2230,3,-0.5714285714285714
2231,3,-0.7857142857142857
2232,4,0.0
2233,3,-0.6428571428571429
2234,8,4.357142857142857
2235,2,-1.7142857142857142
2236,6,2.142857142857143
2237,3,-0.9285714285714286
2238,4,0.07142857142857142
2239,3,-0.8571428571428571
2240,0,-3.7857142857142856
2241,4,0.14285714285714285
2242,6,2.2857142857142856
2243,6,1.7857142857142858
2244,3,-0.7857142857142857
2245,2,-1.9285714285714286
2246,3,-1.1428571428571428
2247,4,-0.14285714285714285
2248,6,1.8571428571428572
2249,9,5.0
2250,0,-3.5714285714285716
2251,5,1.7857142857142858
2252,7,3.9285714285714284
2253,3,-0.07142857142857142
2254,0,-3.2142857142857144
2255,2,-1.3571428571428572
2256,0,-3.0714285714285716
2257,1,-1.9285714285714286
2258,1,-2.142857142857143
2259,2,-1.0714285714285714
2260,5,2.2142857142857144
2261,6,3.142857142857143
2262,2,-1.0
2263,7,3.7142857142857144
2264,3,-0.42857142857142855
2265,4,0.35714285714285715
2266,3,-0.8571428571428571
2267,4,0.2857142857142857
2268,2,-1.5714285714285714
2269,6,2.7857142857142856
2270,2,-1.4285714285714286
2271,4,1.0
2272,4,1.0714285714285714
2273,0,-2.857142857142857
2274,3,0.2857142857142857
2275,1,-1.5
2276,5,2.5
2277,1,-1.5
2278,2,-0.9285714285714286
2279,3,0.0
2280,1,-1.8571428571428572
2281,1,-2.0
2282,2,-1.0
2283,6,2.7142857142857144
2284,8,4.928571428571429
2285,5,1.8571428571428572
2286,2,-1.0714285714285714
2287,2,-1.1428571428571428
2288,3,-0.5
2289,5,1.3571428571428572
2290,2,-1.6428571428571428
2291,2,-1.2142857142857142
2292,1,-1.7857142857142858
2293,4,1.3571428571428572
2294,6,3.2857142857142856
2295,3,0.21428571428571427
2296,2,-1.0
2297,0,-2.857142857142857
2298,2,-0.7857142857142857
2299,3,0.07142857142857142
2300,3,-0.07142857142857142
2301,3,0.07142857142857142
2302,6,3.357142857142857
2303,3,0.42857142857142855
2304,1,-1.6428571428571428
2305,4,1.0714285714285714
2306,3,0.07142857142857142
2307,2,-1.1428571428571428
2308,2,-1.0
2309,2,-1.0
2310,3,0.21428571428571427
2311,4,1.2142857142857142
2312,2,-1.0
2313,6,3.2142857142857144
2314,1,-1.6428571428571428
2315,3,0.35714285714285715
2316,3,0.35714285714285715
2317,3,0.21428571428571427
2318,4,1.2857142857142858
2319,1,-1.5714285714285714
2320,1,-1.5714285714285714
2321,2,-0.14285714285714285
2322,2,-0.35714285714285715
2323,4,1.5714285714285714
2324,2,-0.42857142857142855
2325,2,-0.21428571428571427
2326,2,0.0
2327,0,-2.2142857142857144
2328,4,1.7857142857142858
2329,4,1.8571428571428572
2330,3,0.6428571428571429
2331,0,-2.142857142857143
2332,1,-1.0714285714285714
2333,4,1.8571428571428572
2334,1,-1.2142857142857142
2335,1,-1.4285714285714286
2336,5,2.7857142857142856
2337,1,-1.0
2338,1,-1.2857142857142858
2339,3,0.6428571428571429
2340,3,0.5
2341,3,0.5
2342,1,-1.6428571428571428
2343,1,-1.9285714285714286
2344,7,4.214285714285714
2345,1,-2.642857142857143
2346,3,-0.9285714285714286
2347,4,0.0
2348,3,-0.8571428571428571
2349,5,1.2857142857142858
2350,3,-0.7142857142857143
2351,13,9.142857142857142
2352,5,1.2857142857142858
2353,4,0.07142857142857142
2354,1,-2.7142857142857144
2355,1,-2.642857142857143
2356,1,-2.5
2357,3,-0.42857142857142855
2358,5,1.6428571428571428
2359,4,1.4285714285714286
2360,0,-2.5714285714285716
2361,3,0.35714285714285715
2362,1,-1.7857142857142858
2363,4,0.7142857142857143
2364,2,-1.5
2365,2,-1.3571428571428572
2366,5,1.7857142857142858
2367,5,1.7142857142857142
2368,3,-0.5714285714285714
2369,8,4.571428571428571
2370,4,0.42857142857142855
2371,1,-2.5714285714285716
2372,3,-0.7857142857142857
2373,5,0.5714285714285714
2374,4,-0.35714285714285715
2375,1,-3.2142857142857144
2376,3,-1.2857142857142858
2377,4,-0.21428571428571427
2378,5,0.5714285714285714
2379,11,6.428571428571429
2380,4,-0.7142857142857143
2381,3,-1.7857142857142858
2382,4,-0.6428571428571429
2383,7,2.142857142857143
2384,7,2.0
2385,3,-2.0714285714285716
2386,5,0.14285714285714285
2387,6,1.5
2388,2,-2.9285714285714284
2389,4,-0.8571428571428571
2390,5,0.21428571428571427
2391,5,0.21428571428571427
2392,2,-2.5714285714285716
2393,6,1.4285714285714286
2394,10,5.5
2395,2,-2.2857142857142856
2396,3,-1.7857142857142858
2397,7,1.8571428571428572
2398,4,-1.0
2399,3,-1.8571428571428572
2400,4,-1.0714285714285714
2401,3,-1.7857142857142858
2402,9,4.785714285714286
2403,9,4.357142857142857
2404,3,-1.5
2405,3,-1.3571428571428572
2406,5,0.7142857142857143
2407,2,-2.2142857142857144
2408,2,-2.2857142857142856
2409,8,3.642857142857143
2410,1,-3.0
2411,5,1.5
2412,3,-0.42857142857142855
2413,2,-1.2142857142857142
2414,5,1.8571428571428572
2415,4,0.5714285714285714
2416,4,0.14285714285714285
2417,2,-1.7142857142857142
2418,2,-1.7142857142857142
2419,0,-3.7142857142857144
2420,4,0.42857142857142855
2421,6,2.2142857142857144
2422,8,4.285714285714286
2423,6,1.8571428571428572
2424,1,-3.0714285714285716
2425,5,1.0
2426,1,-3.0
2427,5,0.9285714285714286
2428,4,0.07142857142857142
2429,10,6.285714285714286
2430,3,-0.21428571428571427
2431,1,-1.9285714285714286
2432,2,-1.1428571428571428
2433,1,-2.4285714285714284
2434,2,-1.7142857142857142
2435,3,-0.7142857142857143
2436,1,-2.5
2437,2,-1.0
2438,4,0.9285714285714286
2439,9,5.5
2440,5,1.2142857142857142
2441,5,1.2857142857142858
2442,1,-2.642857142857143
2443,3,-0.6428571428571429
2444,4,-0.07142857142857142
2445,7,2.642857142857143
2446,6,1.9285714285714286
2447,0,-4.0
2448,1,-2.7857142857142856
2449,3,-0.5
2450,7,3.5
2451,6,2.5
2452,0,-3.5
2453,8,4.857142857142857
2454,2,-0.7142857142857143
2455,1,-1.7857142857142858
2456,1,-1.8571428571428572
2457,3,0.2857142857142857
2458,4,1.7857142857142858
2459,2,0.07142857142857142
2460,0,-1.7857142857142858
2461,1,-0.42857142857142855
2462,2,0.35714285714285715
2463,1,-0.35714285714285715
2464,0,-0.9285714285714286
2465,1,-0.21428571428571427
