feature_word,diff,breakout_freq,no_breakout_freq
流泪,10.607800721691415,29.476479514415782,18.868678792724364
封面,-9.305061879412564,8.004552352048558,17.309614231461122
新歌,9.151919697953609,9.341805766312595,0.1898860683589846
打卡,7.230212327838501,10.138467374810318,2.9082550469718167
网易云,-6.8199273910615705,9.740136570561457,16.560063961623026
私信,5.31168779764008,5.671471927162367,0.35978412952228667
朋友,-5.074326420839454,5.899089529590288,10.973415950429741
音乐,-5.000709741074932,8.990895295902883,13.991605036977814
fm,-4.8962504136364915,1.1001517450682852,5.996402158704777
推荐,-4.803557546807271,2.721927162367223,7.525484709174495
call,4.300462211292344,4.590288315629742,0.2898261043373976
耳机,-4.138336421515831,0.7587253414264037,4.897061762942235
故事,-3.8450639783049745,5.899089529590288,9.744153507895263
版本,-3.8351628628285854,3.670333839150228,7.505496701978813
表白,3.767102409267641,6.145675265553869,2.3785728562862283
留名,3.637593619852368,4.836874051593323,1.1992804317409553
支持,3.586912723382662,4.1066009104704095,0.5196881870877473
捂脸,-3.4250959287856726,1.9916540212443095,5.416749950029982
生活,-3.3204925299751866,8.782245827010623,12.102738356985808
高产,3.262009031303524,3.2720030349013656,0.009994003597841295
温柔,-3.234514147353772,6.439681335356601,9.674195482710374
永远,3.034670093239958,9.730652503793626,6.695982410553668
牛逼,2.997672185762897,4.656676783004552,1.659004597241655
手机,-2.923862147051678,1.033763277693475,3.9576254247451534
快乐,2.899243003515039,9.275417298937786,6.3761742954227465
网易,-2.8518795399543277,4.713581183611533,7.56546072356586
专辑,2.721208701182932,3.8505311077389988,1.1293224065560665
孤独,-2.687073264387346,2.949544764795144,5.6366180291824906
翻译,-2.67636459095711,2.750379362670713,5.426743953627823
兄弟,-2.6109922058904265,1.906297420333839,4.517289626224266
同城,-2.5544896885844213,0.4836874051593323,3.0381770937437538
听歌,-2.412236269770763,2.484825493171472,4.897061762942235
女孩,-2.314950180119546,3.091805766312595,5.406755946432141
钟情,2.2358758493007382,6.7431714719271625,4.507295622626424
合作,2.2341602625678005,2.314112291350531,0.07995202878273036
热搜,2.0575325517891088,2.06752655538695,0.009994003597841295
声音,2.029923927282476,20.238998482549317,18.20907455526684
开口,-1.9803538969182977,2.8167678300455234,4.797121726963821
宝藏,-1.869090988502498,2.04855842185129,3.9176494103537878
女生,-1.8491996607801633,0.7492412746585736,2.5984409354387368
女朋友,-1.7437545818487665,1.2044764795144156,2.9482310613631824
世界,-1.7130882320380154,8.44081942336874,10.153907655406755
开头,-1.6737965566638775,1.2044764795144156,2.8782730361782933
收藏,-1.670122736676659,0.5785280728376327,2.2486508095142916
女孩子,-1.6577837819311447,0.7207890743550835,2.3785728562862283
粉丝,1.655527927553028,2.295144157814871,0.6396162302618429
期待,1.6405350264803182,2.759863429438543,1.119328402958225
微博,1.574150350457404,1.7640364188163886,0.1898860683589846
滚动,1.5697656519896863,1.659711684370258,0.08994603238057167
青春,1.5378367819975693,3.926403641881639,2.3885668598840697
男孩子,-1.504099437151063,0.4647192716236722,1.9688187087747353
观光团,1.4731904408189684,1.7830045523520486,0.30981411153308014
动漫,-1.4300619173260838,0.3888467374810318,1.8189086548071158
女神,1.419650865019683,1.8493930197268589,0.4297421547071757
电影,1.4095450165409096,4.26783004552352,2.8582850289826105
版权,1.3977197899773033,3.1866464339908953,1.788926644013592
rip,1.3657056145675264,1.3657056145675264,0.0
生日快乐,1.3635540223665494,3.8220789074355084,2.4585248850689587
原版,-1.349808476067622,1.4984825493171472,2.848291025384769
乐签,1.3182852807283763,1.3182852807283763,0.0
初中,-1.3154417668063805,1.6028072837632779,2.918249050569658
蛋糕,1.3019673021680163,1.6217754172989378,0.31980811513092144
红心,-1.273626946745458,0.825113808801214,2.098740755546672
歌词,1.2484789096193267,14.140743550834598,12.89226464121527
名字,-1.2384488881784739,2.0295902883156294,3.2680391764941037
男生,-1.2275316903939577,0.7113050075872533,1.9388366979812113
哀伤,-1.210819411236414,3.746206373292868,4.957025784529282
歌单,-1.2071380085454038,1.261380880121396,2.4685188886667997
小秘书,1.1873433602964167,1.3372534142640364,0.14991005396761942
电音,-1.1831747688867713,1.7450682852807282,2.9282430541674995
爱情,-1.165144994945369,6.800075872534143,7.965220867479512
原曲,-1.139725876158675,0.37936267071320184,1.5190885468718769
风格,1.1396140312777432,2.03907435508346,0.8994603238057165
痛苦,-1.13636105135098,0.5026555386949925,1.6390165900459726
抖腿,-1.1268769845831499,0.5121396054628224,1.6390165900459726
回归,1.125544324391708,1.1855083459787557,0.05996402158704777
小时候,-1.0946542848190934,1.2139605462822458,2.3086148311013392
疯狂,1.0699650012723776,1.289833080424886,0.21986807915250847
吉言,-1.0634438760112672,0.07587253414264036,1.1393164101539075
单身狗,1.0479372467566501,1.3277693474962065,0.2798321007395563
耍酷,-0.9998098257888969,0.37936267071320184,1.3791724965020986
超级,0.9767508235574588,2.4658573596358115,1.4891065360783529
厉害,0.9747072848855175,3.433232169954476,2.4585248850689587
张国荣,0.9587058842084734,1.1286039453717753,0.16989806116330203
愚人节,0.9443271821429146,1.024279210925645,0.07995202878273036
铃声,-0.9347464359017367,0.2845220030349014,1.219268438936638
努力,-0.9261040492548177,6.629362670713202,7.555466719968019
老公,0.9092458030492783,1.1191198786039456,0.2098740755546672
情人节,0.905266779234432,1.5648710166919575,0.6596042374575255
老子,-0.9029294107905513,0.43626707132018205,1.3391964821107334
明白,-0.8936500770251051,0.6354324734446131,1.529082550469718
经历,-0.8724374631670164,0.4267830045523521,1.2992204677193684
女声,-0.8574521447980981,1.820940819423369,2.6783929642214668
男朋友,-0.8568379457909473,1.2518968133535662,2.1087347591445136
歌名,-0.8406204380558311,0.5785280728376327,1.4191485108934638
歌曲,-0.8375683997795558,2.3805007587253413,3.218069158504897
撇嘴,-0.8335893759647095,1.9347496206373291,2.7683389966020386
晚安,0.8177472120672966,6.7242033383915025,5.906456126324206
对不起,-0.7940190362262158,1.3846737481031868,2.1786927843294026
怀念,0.7853387360603366,1.5648710166919575,0.779532280631621
老师,0.7738111306205653,2.522761760242792,1.7489506296222268
老歌,-0.7699477430385472,0.37936267071320184,1.149310413751749
口罩,-0.746900114862797,0.3224582701062215,1.0693583849690185
小姐姐,0.7302655584191214,2.5891502276176026,1.858884669198481
发歌,0.7282333938028684,0.7682094081942337,0.03997601439136518
礼物,0.7185445940326548,0.9484066767830046,0.22986208275034978
鬼脸,-0.7071288334738156,0.5121396054628224,1.219268438936638
游戏,-0.699379310198403,0.7397572078907435,1.4391365180891467
抖音,0.6973130234150856,5.804248861911987,5.106935838496902
致敬,0.6967215725193109,0.7966616084977238,0.09994003597841296
土嗨,-0.6957054902111843,0.11380880121396056,0.8095142914251449
恭喜,0.6904980683820362,1.4700303490136573,0.779532280631621
蹦迪,-0.6903009180834444,0.19916540212443096,0.8894663202078753
抑郁症,-0.6723526582078068,0.23710166919575115,0.9094543274035579
陌生人,-0.6718465127296914,1.1570561456752655,1.828902658404957
心碎,0.6665158719639233,5.633535660091047,4.967019788127124
抑郁,-0.6649083387600216,0.2845220030349014,0.949430341794923
伴奏,-0.6628685914399767,0.24658573596358116,0.9094543274035579
单曲循环,0.6606165284137561,1.839908952959029,1.1792924245452727
电影院,0.6598051791080132,0.7397572078907435,0.07995202878273036
惶恐,-0.6464501420543728,0.31297420333839154,0.9594243453927643
注销,-0.6442056617319442,0.0853566009104704,0.7295622626424145
讨厌,-0.6435952540766892,0.44575113808801214,1.0893463921647013
旋律,-0.6228963684005075,1.1760242792109254,1.798920647611433
理解,-0.6198329560685439,0.18968133535660092,0.8095142914251449
节目,0.6193192278866367,0.7492412746585736,0.12992204677193683
小学,-0.6190216067628013,1.289833080424886,1.9088546871876875
华晨宇,0.6131999859265017,0.8630500758725341,0.24985008994603236
学习,-0.610348889300714,0.19916540212443096,0.8095142914251449
高考,-0.604650487401034,3.2530349013657056,3.8576853887667397
学校,-0.6022941621976737,0.6069802731411229,1.2092744353387967
姑娘,-0.5993388033947462,1.1096358118361154,1.7089746152308616
圣诞节,0.5959663958832592,0.6259484066767831,0.029982010793523885
冠军,0.5954564590532478,0.6354324734446131,0.03997601439136518
英语,-0.5924006294250764,0.23710166919575115,0.8295022986208275
洗脑,0.5828085091282105,1.242412746585736,0.6596042374575255
事情,-0.5809810775143411,0.7682094081942337,1.3491904857085748
有没有,-0.5795517378495512,0.36987860394537175,0.949430341794923
谈恋爱,-0.573536758066556,0.815629742033384,1.38916650009994
回忆,-0.570897977146944,3.926403641881639,4.497301619028583
许嵩,0.566084855914979,0.9958270106221547,0.4297421547071757
经典,-0.5650725649587486,0.8440819423368741,1.4091545072956226
系列,-0.5585438569938462,0.3509104704097117,0.9094543274035579
新年快乐,0.5554766533099866,1.5648710166919575,1.0093943633819709
民谣,-0.5515090035508287,0.7776934749620636,1.3292024785128924
心动,-0.5479394457407498,0.7113050075872533,1.2592444533280032
男声,-0.54651010607596,0.31297420333839154,0.8594843094143514
单身,0.5448722420568902,1.2044764795144156,0.6596042374575255
安排,0.5442618344016351,0.8440819423368741,0.29982010793523883
孩子,-0.543044810443021,0.8061456752655538,1.3491904857085748
听的歌,-0.5374355053128972,0.7018209408194234,1.2392564461323206
悲伤,-0.5346810881604572,0.4647192716236722,0.9994003597841294
对方,-0.5324366078380287,0.23710166919575115,0.7695382770337797
循环,0.5288594673241577,1.6881638846737481,1.1593044173495903
高中,-0.5272405600645683,1.441578148710167,1.9688187087747353
回复,-0.5265220988802773,0.31297420333839154,0.8394963022186688
嵩哥,0.5260083706983701,0.6259484066767831,0.09994003597841296
翻唱,-0.5224501869439793,2.09597875569044,2.618428942634419
古风,-0.5221374004125597,0.417298937784522,0.9394363381970817
rapper,0.5198891287382351,0.7397572078907435,0.21986807915250847
难受,-0.5187725756048648,0.5405918057663126,1.0593643813711775
品味,-0.5137736781299961,0.07587253414264036,0.5896462122726364
中考,-0.5096979748418021,0.9294385432473444,1.4391365180891467
放弃,-0.5029721165783078,2.10546282245827,2.6084349390365777
情绪,-0.49582541825435844,0.11380880121396056,0.609634219468319
速度,0.49449654941481247,0.6544006069802732,0.15990405756546072
微博来,0.4931714719271623,0.4931714719271623,0.0
生快,0.49215159826713983,0.5121396054628224,0.01998800719568259
中秋,0.4916416614371286,0.5216236722306524,0.029982010793523885
leslie,0.48266753149930985,0.5026555386949925,0.01998800719568259
diss,0.48011784734925356,0.5500758725341426,0.06995802518488907
演唱会,0.47491421687200114,1.2044764795144156,0.7295622626424145
中秋节,0.4742033383915023,0.4742033383915023,0.0
dj,-0.473697192913387,0.44575113808801214,0.9194483310013991
飞车,-0.4704328389309358,0.19916540212443096,0.6695982410553667
林宥嘉,0.4691039700913898,0.5690440060698028,0.09994003597841296
放下,-0.46411265532031315,0.825113808801214,1.2892264641215272
avicii,0.4631894611336384,0.4931714719271623,0.029982010793523885
跳舞,-0.4585147242458774,3.509104704097117,3.9676194283429944
jojo,-0.4568692775230158,0.13277693474962066,0.5896462122726364
吹爆,0.4496258997257185,0.5595599393019728,0.10993403957625424
完整版,0.44891122989332355,0.7587253414264037,0.30981411153308014
粤语,-0.4465700700975469,0.31297420333839154,0.7595442734359384
圣诞,0.4460563419156397,0.6259484066767831,0.17989206476114333
节奏,-0.4423938959841093,1.5364188163884673,1.9788127123725767
中国,0.44094939091173524,2.579666160849772,2.138716769938037
情歌,0.4394271631254934,0.7492412746585736,0.30981411153308014
开车,-0.43637133349732193,0.12329286798179058,0.5596642014791126
害怕,-0.435660455016823,0.8535660091047041,1.2892264641215272
三哥,0.4352471976601596,0.45523520485584223,0.01998800719568259
老弟,0.43249278050771967,0.6923368740515934,0.25984409354387367
bgm,-0.4305610867167105,0.7587253414264037,1.1892864281431141
圣诞快乐,0.4301478293600471,0.5500758725341426,0.11992804317409554
鸽子,0.4252531940623183,0.45523520485584223,0.029982010793523885
激动,0.42168363625223954,0.5216236722306524,0.09994003597841296
歌手,0.41851217039123995,2.9969650986342944,2.5784529282430544
英雄,0.4168894717797546,0.7966616084977238,0.3797721367179692
薛之谦,0.4155643942921046,0.6354324734446131,0.21986807915250847
离开,-0.41170858941387817,4.1255690440060695,4.537277633419948
姐妹,-0.4115929531810505,0.7776934749620636,1.1892864281431141
有时候,-0.4074091963638205,0.1422610015174507,0.5496701978812712
笑死,-0.404453837560893,0.644916540212443,1.049370377773336
身边,-0.4008880711027102,1.5079666160849772,1.9088546871876875
节日快乐,0.3983308042488619,0.3983308042488619,0.0
后知后觉,0.3983308042488619,0.3983308042488619,0.0
意义,-0.39792512959599047,0.15174506828528073,0.5496701978812712
视频,-0.3905888636772414,1.6881638846737481,2.0787527483509893
吴亦,0.38864200447864816,0.5785280728376327,0.1898860683589846
中文,-0.38548570402523286,0.6638846737481032,1.049370377773336
gai,0.38527717967095315,0.45523520485584223,0.06995802518488907
唱歌,0.38037875302132823,1.289833080424886,0.9094543274035579
八级,-0.38028207354798044,0.009484066767830045,0.3897661403158105
试听,0.3778328602231681,0.407814871016692,0.029982010793523885
祖国,0.37630304973313433,0.43626707132018205,0.05996402158704777
恋爱,-0.3742746764687772,2.314112291350531,2.688386967819308
关系,-0.37426709376498524,0.45523520485584223,0.8295022986208275
zh,-0.37283775410019543,0.05690440060698028,0.4297421547071757
接受,-0.3725325502725679,0.23710166919575115,0.609634219468319
公鸡,0.37222355509304433,0.5121396054628224,0.13991605036977814
招黑,0.37120368143302185,0.5311077389984826,0.15990405756546072
阵容,0.36987860394537175,0.36987860394537175,0.0
夺冠,0.36987860394537175,0.36987860394537175,0.0
宠爱,0.3688587302853492,0.3888467374810318,0.01998800719568259
狗粮,0.36477923564525927,0.4647192716236722,0.09994003597841296
账号,-0.3633536873323654,0.06638846737481033,0.4297421547071757
李荣浩,0.3627394883252143,0.5026555386949925,0.13991605036977814
皱眉,-0.3625385466747265,0.23710166919575115,0.5996402158704777
gay,-0.3604987993546816,0.19916540212443096,0.5596642014791126
母猪,0.3603945371775418,0.3603945371775418,0.0
拥抱,0.35896519751275185,0.7587253414264037,0.39976014391365183
顺利,0.350705737407328,0.5405918057663126,0.1898860683589846
父母,-0.35019959192921274,0.37936267071320184,0.7295622626424145
打电话,0.3481560532572717,0.5880121396054627,0.23985608634819108
破万,0.3476461164272605,0.5974962063732929,0.24985008994603236
优秀,-0.34642909246864634,1.052731411229135,1.3991605036977814
条评论,-0.345915364286739,0.11380880121396056,0.45972416550069956
结婚,-0.3436784666681024,1.7450682852807282,2.0887467519488307
抄袭,0.34325762660764686,1.4226100151745067,1.0793523885668599
非主流,-0.3415306658190215,0.21813353566009103,0.5596642014791126
春花,0.3409164668118704,0.3509104704097117,0.009994003597841295
yoga,0.3409164668118704,0.3509104704097117,0.009994003597841295
不知不觉,0.34040652998185916,0.3603945371775418,0.01998800719568259
尊重,0.3402017969794754,0.5500758725341426,0.2098740755546672
remix,0.339792330974708,0.9294385432473444,0.5896462122726364
姆爷,-0.33694123434892026,0.13277693474962066,0.46971816909854086
老薛,0.3363270353417691,0.43626707132018205,0.09994003597841296
语言,-0.3359213606888977,0.11380880121396056,0.44973016190285825
防弹,0.33561236550937423,0.6354324734446131,0.29982010793523883
七夕,0.3343877588469679,0.8440819423368741,0.5096941834899061
熟悉,-0.33317073488835375,0.8061456752655538,1.1393164101539075
ktv,-0.33102672539116895,0.208649468892261,0.5396761942834299
豆芽,0.32837277906397283,0.3983308042488619,0.06995802518488907
选择,-0.3282760995906251,0.9009863429438543,1.2292624425344794
实力,0.3253131580839054,0.45523520485584223,0.12992204677193683
flow,0.3253131580839054,0.45523520485584223,0.12992204677193683
世间,0.3227634739338491,0.5026555386949925,0.17989206476114333
逝者安息,0.3219483332762103,0.3319423368740516,0.009994003597841295
男神,0.3204185227861766,0.3603945371775418,0.03997601439136518
考生,0.3188887122961428,0.3888467374810318,0.06995802518488907
眼泪,-0.31868777064565507,0.3509104704097117,0.6695982410553667
温暖,0.3175598434565967,1.1570561456752655,0.8394963022186688
直播,0.3161342951437029,0.6259484066767831,0.30981411153308014
生病,-0.3156281496655876,0.29400606980273136,0.609634219468319
编曲,0.30634502454824525,0.43626707132018205,0.12992204677193683
vip,0.3062407623711054,0.9958270106221547,0.6895862482510493
jo,-0.30389960257532883,0.07587253414264036,0.3797721367179692
考上,-0.30359439874770133,0.2560698027314112,0.5596642014791126
韩语,-0.30287972891530635,0.05690440060698028,0.35978412952228667
火影,-0.3013499184252726,0.02845220030349014,0.32980211872876275
适合,-0.29910922945473983,0.7302731411229135,1.0293823705776532
劝删,0.2989007051004602,0.3888467374810318,0.08994603238057167
主唱,0.2989007051004602,0.3888467374810318,0.08994603238057167
beat,-0.29818982661996124,0.3414264036418816,0.6396162302618429
重庆,0.2968609577804152,0.4267830045523521,0.12992204677193683
可怜,-0.295640142469905,0.29400606980273136,0.5896462122726364
后悔,-0.29502973481464984,0.6544006069802732,0.949430341794923
背景音乐,-0.29288572531746504,0.05690440060698028,0.34979012592444536
滑稽,-0.29084597799742007,0.01896813353566009,0.30981411153308014
辈子,-0.2894204296845262,0.5500758725341426,0.8394963022186688
平安,0.28941663833263015,0.37936267071320184,0.08994603238057167
法老,0.28788682784259645,0.407814871016692,0.11992804317409554
合唱,0.28635701735256264,0.43626707132018205,0.14991005396761942
魔鬼,-0.2851362020420524,0.2845220030349014,0.5696582050769537
田馥甄,0.2840120662048901,0.29400606980273136,0.009994003597841295
作业,-0.2827912508943799,0.4267830045523521,0.7095742554467319
没关系,-0.2825865178919962,0.23710166919575115,0.5196881870877473
可期,0.28248225571485636,0.3224582701062215,0.03997601439136518
淘汰,0.28197231888484514,0.3319423368740516,0.04997001798920648
焦迈奇,0.2809524452248226,0.3509104704097117,0.06995802518488907
耳朵,-0.28065103274909103,0.7587253414264037,1.0393763741754947
上头,-0.28003683374193994,0.18968133535660092,0.46971816909854086
棉花糖,0.2799325715648001,0.36987860394537175,0.08994603238057167
周深,0.27891269790477763,0.3888467374810318,0.10993403957625424
纯音乐,-0.2764672759318612,0.12329286798179058,0.39976014391365183
网恋,-0.2754474022718387,0.1043247344461305,0.3797721367179692
观光,0.2750379362670713,0.2750379362670713,0.0
lala,0.2740180626070488,0.29400606980273136,0.01998800719568259
xxxtentacion,0.2729981889470264,0.31297420333839154,0.03997601439136518
徐佳莹,0.27248825211701505,0.3224582701062215,0.04997001798920648
skr,0.27248825211701505,0.3224582701062215,0.04997001798920648
沙发,0.27248825211701505,0.3224582701062215,0.04997001798920648
歌声,0.27197831528700384,0.3319423368740516,0.05996402158704777
二次元,-0.27187784446176,0.03793626707132018,0.30981411153308014
替身,-0.2708579708017375,0.01896813353566009,0.2898261043373976
动画,-0.27055276697410996,0.19916540212443096,0.46971816909854086
安利,0.2689186943069363,0.3888467374810318,0.11992804317409554
原创,0.26820402447454134,0.5880121396054627,0.31980811513092144
消息,0.26820402447454134,0.5880121396054627,0.31980811513092144
优越感,-0.26647327233401996,0.12329286798179058,0.3897661403158105
张学友,-0.2659633355040087,0.11380880121396056,0.3797721367179692
下载,-0.26535671920064957,1.4036418816388467,1.6689986008394964
曲子,-0.2651481948463698,0.2845220030349014,0.5496701978812712
安静,-0.2641283211863474,0.2655538694992413,0.5296821906855887
可惜,-0.2640278503611035,0.6354324734446131,0.8994603238057165
幽灵,-0.2623975690458258,0.9768588770864948,1.2392564461323206
可否,-0.2618838408639187,0.03793626707132018,0.29982010793523883
组合,0.2592298945367226,0.5690440060698028,0.30981411153308014
神仙,-0.2567882639157023,0.8725341426403641,1.1293224065560665
妹子,-0.25668400173856226,0.31297420333839154,0.5696582050769537
花粥,0.2563750065590388,0.43626707132018205,0.17989206476114333
劳模,0.2560698027314112,0.2560698027314112,0.0
全世界,0.25586506972902756,0.44575113808801214,0.1898860683589846
记忆,-0.25566412807853983,0.29400606980273136,0.5496701978812712
房东,0.2555598659014,0.2655538694992413,0.009994003597841295
曼巴,0.2550499290713887,0.2750379362670713,0.01998800719568259
初恋,-0.2546442544185174,0.2750379362670713,0.5296821906855887
早安,0.25464046306662136,0.6544006069802732,0.39976014391365183
上线,0.25403005541136625,0.29400606980273136,0.03997601439136518
猛男,-0.25392958458612236,0.07587253414264036,0.32980211872876275
抱歉,-0.25362438075849486,0.2560698027314112,0.5096941834899061
剧情,-0.2531144439284836,0.24658573596358116,0.4997001798920647
保存,-0.25188983726607744,0.03793626707132018,0.2898261043373976
七级,-0.2503600267760436,0.009484066767830045,0.25984409354387367
烟鬼,0.249440623941265,0.37936267071320184,0.12992204677193683
结局,0.2488264249341139,0.9484066767830046,0.6995802518488907
七夕节,0.24658573596358116,0.24658573596358116,0.0
活下去,-0.2459753283083261,0.11380880121396056,0.35978412952228667
陈鸿宇,0.2450559254735474,0.2750379362670713,0.029982010793523885
白色,0.2450559254735474,0.2750379362670713,0.029982010793523885
遗憾,-0.2443488383449444,1.3846737481031868,1.6290225864481311
马丁,0.24403605181352492,0.29400606980273136,0.04997001798920648
毛病,0.24250624132349116,0.3224582701062215,0.07995202878273036
aw,0.24148636766346868,0.3414264036418816,0.09994003597841296
北京,0.24026176100106247,0.5500758725341426,0.30981411153308014
抽烟,-0.23955088252056353,0.1801972685887709,0.4197481511093344
口哨,-0.23955088252056353,0.1801972685887709,0.4197481511093344
自杀,-0.23904094569055231,0.1707132018209408,0.40975414751149314
心疼,0.23832248450626128,0.9578907435508346,0.7195682590445733
北方,-0.23802107203052977,0.15174506828528073,0.3897661403158105
考研,-0.2374106643752747,0.5121396054628224,0.7495502698380971
喝酒,-0.23700119837050726,0.13277693474962066,0.3697781331201279
拒绝,-0.23700119837050726,0.13277693474962066,0.3697781331201279
陈叔,0.23659173236573985,0.24658573596358116,0.009994003597841295
祝福,0.23617847500907643,1.5553869499241273,1.319208474915051
双十,0.23608179553572864,0.2560698027314112,0.01998800719568259
对象,-0.2356761208828573,0.29400606980273136,0.5296821906855887
走心,0.23557185870571742,0.2655538694992413,0.029982010793523885
开心,-0.23471311750127533,14.216616084977238,14.451329202478513
机智,-0.23394157739043975,0.07587253414264036,0.30981411153308014
早点,-0.23394157739043975,0.07587253414264036,0.30981411153308014
等待,0.23383731521329995,0.4836874051593323,0.24985008994603236
肖战,0.2335321113856724,0.30349013657056145,0.06995802518488907
举报,0.23332737838328865,0.4931714719271623,0.25984409354387367
陈粒,0.23281744155327747,0.5026555386949925,0.26983809714171497
学友,-0.23241176690040605,0.04742033383915023,0.2798321007395563
法语,-0.23190183007039478,0.03793626707132018,0.26983809714171497
伍佰,-0.23139189324038353,0.02845220030349014,0.25984409354387367
萨克斯,-0.23139189324038353,0.02845220030349014,0.25984409354387367
设置,-0.22986208275034978,0.0,0.22986208275034978
陪伴,0.22792280625554864,0.407814871016692,0.17989206476114333
笔芯,0.22761760242792112,0.22761760242792112,0.0
十七年,0.22761760242792112,0.22761760242792112,0.0
十五年,0.22761760242792112,0.22761760242792112,0.0
母亲节,0.22761760242792112,0.22761760242792112,0.0
占卜,0.22761760242792112,0.22761760242792112,0.0
有点像,-0.2259873211126435,0.11380880121396056,0.33979612232660406
邓紫棋,0.22588305893550367,0.44575113808801214,0.21986807915250847
小姐,-0.22547738428263225,0.1043247344461305,0.32980211872876275
孤单,0.22537312210549243,0.45523520485584223,0.22986208275034978
胡歌,0.22506791827786485,0.2750379362670713,0.04997001798920648
东方,-0.22241776330256474,0.04742033383915023,0.26983809714171497
床上,-0.22241776330256474,0.04742033383915023,0.26983809714171497
dio,-0.22190782647255347,0.03793626707132018,0.25984409354387367
漫画,-0.22160262264492592,0.21813353566009103,0.43973615830501694
赵雷,0.21996854997775236,0.36987860394537175,0.14991005396761942
slay,0.21813353566009103,0.21813353566009103,0.0
雾都,0.2176235988300798,0.22761760242792112,0.009994003597841295
洗牙,0.2176235988300798,0.22761760242792112,0.009994003597841295
林夕,-0.21752312800483597,0.1422610015174507,0.35978412952228667
ed,0.2174188658276961,0.417298937784522,0.19988007195682592
宝贝,-0.21722171552910435,1.2518968133535662,1.4691185288826705
纪念,0.21711366200006857,0.23710166919575115,0.01998800719568259
英文歌,-0.21670798734719718,0.31297420333839154,0.5296821906855887
推送,0.21660372517005727,0.24658573596358116,0.029982010793523885
马思唯,0.21660372517005727,0.24658573596358116,0.029982010793523885
黄子韬,0.21558385151003484,0.2655538694992413,0.04997001798920648
主题曲,0.21558385151003484,0.2655538694992413,0.04997001798920648
仙剑,0.21558385151003484,0.2655538694992413,0.04997001798920648
lol,-0.21548338068479095,0.1043247344461305,0.31980811513092144
制作,0.21507391468002354,0.2750379362670713,0.05996402158704777
没什么,-0.21446350702476843,0.0853566009104704,0.29982010793523883
舞台,0.21201429369995609,0.3319423368740516,0.11992804317409554
南京,0.21099442003993354,0.3509104704097117,0.13991605036977814
越来越,0.21068542486040995,1.1001517450682852,0.8894663202078753
小哥哥,0.21007501720515484,0.7397572078907435,0.5296821906855887
新专辑,0.20813953206224972,0.21813353566009103,0.009994003597841295
睡不着,-0.2080390612370059,0.15174506828528073,0.35978412952228667
cb,0.20762959523223853,0.22761760242792112,0.01998800719568259
汪苏泷,0.20691492539984357,0.4267830045523521,0.21986807915250847
清明,0.20660972157221597,0.24658573596358116,0.03997601439136518
调皮,-0.20650925074697216,0.12329286798179058,0.32980211872876275
工作,-0.20620404691934463,0.30349013657056145,0.5096941834899061
篮球,0.20609978474220475,0.2560698027314112,0.04997001798920648
玫瑰,-0.20599931391696089,0.11380880121396056,0.31980811513092144
听不懂,-0.20548937708694964,0.1043247344461305,0.30981411153308014
摇滚,0.2043652412497873,0.4742033383915023,0.26983809714171497
蔡徐坤,0.20406003742215972,0.29400606980273136,0.08994603238057167
昨晚,0.20406003742215972,0.29400606980273136,0.08994603238057167
改编,0.2035501005921485,0.30349013657056145,0.09994003597841296
火钳刘明,0.20314063458738105,0.6828528072837632,0.47971217269638217
牛奶,0.2030401637621373,0.31297420333839154,0.10993403957625424
渣男,-0.20263448910926582,0.23710166919575115,0.43973615830501694
盗版,-0.20242975610688213,0.04742033383915023,0.24985008994603236
乐队,0.20191602792497496,0.8915022761760243,0.6895862482510493
主动,-0.2016146154492434,0.21813353566009103,0.4197481511093344
同学,-0.2016146154492434,0.21813353566009103,0.4197481511093344
黄老板,0.20100041644209227,0.3509104704097117,0.14991005396761942
彩虹,0.20100041644209227,0.3509104704097117,0.14991005396761942
九级,-0.2008999456168484,0.01896813353566009,0.21986807915250847
元宵节,0.19916540212443096,0.19916540212443096,0.0
江辰,0.1986554652944197,0.208649468892261,0.009994003597841295
年月日,0.198450732292036,0.3983308042488619,0.19988007195682592
王嘉尔,0.19814552846440847,0.21813353566009103,0.01998800719568259
播放,-0.1980450576391646,0.15174506828528073,0.34979012592444536
热评,-0.197643174338189,1.631259484066768,1.828902658404957
菠萝,0.19508590748434093,0.2750379362670713,0.07995202878273036
打开,-0.19468023283146957,0.2750379362670713,0.46971816909854086
欢喜,0.1945759706543297,0.2845220030349014,0.08994603238057167
剪辑,-0.1939655629990746,0.07587253414264036,0.26983809714171497
收费,0.19375703864479485,1.0432473444613048,0.8494903058165101
武汉,0.19335136399192349,0.4931714719271623,0.29982010793523883
鬼畜,-0.1921305486814133,0.22761760242792112,0.4197481511093344
薛洋,-0.19141587884901834,0.02845220030349014,0.21986807915250847
圣诞礼物,0.18968133535660092,0.18968133535660092,0.0
十六年,0.18968133535660092,0.18968133535660092,0.0
陈立农,0.18968133535660092,0.18968133535660092,0.0
云村,-0.18958086453135703,0.1801972685887709,0.3697781331201279
忘记,-0.18948418505800924,1.479514415781487,1.6689986008394964
艾热,0.18917139852658965,0.19916540212443096,0.009994003597841295
失踪人口,0.18917139852658965,0.19916540212443096,0.009994003597841295
段子,-0.18876572387371826,0.3509104704097117,0.5396761942834299
阿姆,-0.18754111721131206,0.1422610015174507,0.32980211872876275
音源,0.18713165120654468,0.23710166919575115,0.04997001798920648
夜晚,-0.18621603972366202,0.30349013657056145,0.48970617629422347
同性恋,-0.1855013698912671,0.1043247344461305,0.2898261043373976
下雪,0.18509190388649963,0.2750379362670713,0.08994603238057167
sia,0.18509190388649963,0.2750379362670713,0.08994603238057167
享受,-0.18499143306125582,0.09484066767830046,0.2798321007395563
怀疑,-0.18499143306125582,0.09484066767830046,0.2798321007395563
西游记,-0.18448149623124457,0.0853566009104704,0.26983809714171497
照片,-0.18448149623124457,0.0853566009104704,0.26983809714171497
tm,-0.18448149623124457,0.0853566009104704,0.26983809714171497
骄傲,0.18407203022647717,0.29400606980273136,0.10993403957625424
王菲,-0.18366635557360575,0.2560698027314112,0.43973615830501694
免费,0.18335736039408218,0.4931714719271623,0.30981411153308014
可爱,-0.1830957571132552,35.37556904400607,35.55866480111933
雷子,0.1825422197364434,0.3224582701062215,0.13991605036977814
复制,-0.1819318120811883,0.03793626707132018,0.21986807915250847
骚男,-0.1819318120811883,0.03793626707132018,0.21986807915250847
贫穷,-0.18162660825356078,0.21813353566009103,0.39976014391365183
吵架,-0.18142187525117706,0.02845220030349014,0.2098740755546672
祝你幸福,0.18101240924640966,0.3509104704097117,0.16989806116330203
wifi,-0.18091193842116582,0.01896813353566009,0.19988007195682592
浪漫,-0.18081146759592195,0.3888467374810318,0.5696582050769537
惊艳,0.18080767624402594,0.5405918057663126,0.35978412952228667
十四年,0.1801972685887709,0.1801972685887709,0.0
快樂,0.1801972685887709,0.1801972685887709,0.0
运势,0.1801972685887709,0.1801972685887709,0.0
hebe,0.17968733175875962,0.18968133535660092,0.009994003597841295
勇士,0.17968733175875962,0.18968133535660092,0.009994003597841295
老胡,0.17968733175875962,0.18968133535660092,0.009994003597841295
lpl,0.17917739492874837,0.19916540212443096,0.01998800719568259
世界杯,0.17917739492874837,0.19916540212443096,0.01998800719568259
球迷,0.17917739492874837,0.19916540212443096,0.01998800719568259
舔狗,-0.17907692410350454,0.1707132018209408,0.34979012592444536
韩国,-0.17856698727349327,0.16122913505311076,0.33979612232660406
drake,0.17764758443871462,0.22761760242792112,0.04997001798920648
比赛,0.17764758443871462,0.22761760242792112,0.04997001798920648
发行,0.17713764760870337,0.23710166919575115,0.05996402158704777
ta,-0.17601730312343705,0.11380880121396056,0.2898261043373976
成都,0.17438323045626347,0.4742033383915023,0.29982010793523883
副歌,-0.1741822888057757,0.2655538694992413,0.43973615830501694
填词,-0.173977555803392,0.07587253414264036,0.24985008994603236
表达,-0.173977555803392,0.07587253414264036,0.24985008994603236
五月天,0.17356808979862462,0.30349013657056145,0.12992204677193683
相思,0.17356808979862462,0.30349013657056145,0.12992204677193683
舒服,-0.17347141032527671,0.9958270106221547,1.1692984209474315
安慰,-0.1729576821433695,0.05690440060698028,0.22986208275034978
老实人,-0.1709179348233245,0.01896813353566009,0.1898860683589846
艺兴,0.1707132018209408,0.1707132018209408,0.0
新单,0.1707132018209408,0.1707132018209408,0.0
alan,0.1707132018209408,0.1707132018209408,0.0
杰哥,-0.17061273099569693,0.19916540212443096,0.3697781331201279
家族,-0.1704079979933133,0.009484066767830045,0.17989206476114333
吉良吉影,-0.1704079979933133,0.009484066767830045,0.17989206476114333
kobe,0.17020326499092958,0.1801972685887709,0.009994003597841295
kimi,0.17020326499092958,0.1801972685887709,0.009994003597841295
新年好,0.17020326499092958,0.1801972685887709,0.009994003597841295
倒数,0.17020326499092958,0.1801972685887709,0.009994003597841295
母亲,0.16999853198854586,0.36987860394537175,0.19988007195682592
亚索,-0.16989806116330203,0.0,0.16989806116330203
四季,0.16918339133090707,0.19916540212443096,0.029982010793523885
距离,0.16897865832852335,0.3888467374810318,0.21986807915250847
修仙,0.1686734545008958,0.208649468892261,0.03997601439136518
千玺,0.1686734545008958,0.208649468892261,0.03997601439136518
春夏秋冬,0.1686734545008958,0.208649468892261,0.03997601439136518
流星雨,0.16816351767088455,0.21813353566009103,0.04997001798920648
大菠萝,0.16816351767088455,0.21813353566009103,0.04997001798920648
影子,0.16765358084087334,0.22761760242792112,0.05996402158704777
八爷,0.16765358084087334,0.22761760242792112,0.05996402158704777
公鸭,0.16765358084087334,0.22761760242792112,0.05996402158704777
阿米,0.16744884783848962,0.417298937784522,0.24985008994603236
付费,0.16724411483610593,0.6069802731411229,0.43973615830501694
麻辣鸡,0.16714364401086207,0.23710166919575115,0.06995802518488907
守护,0.1666337071808508,0.24658573596358116,0.07995202878273036
放不下,-0.166533236355607,0.12329286798179058,0.2898261043373976
伤害,-0.16622803252797944,0.30349013657056145,0.46971816909854086
城市,0.16601950817369973,0.815629742033384,0.6496102338596842
动画片,-0.16398355220555075,0.07587253414264036,0.23985608634819108
发音,-0.16347361537553945,0.06638846737481033,0.22986208275034978
惊恐,-0.1629978007125915,8.42185128983308,8.584849090545672
建议,-0.162453741715517,0.04742033383915023,0.2098740755546672
自带,-0.16194380488550572,0.03793626707132018,0.19988007195682592
英文,-0.16163860105787817,0.21813353566009103,0.3797721367179692
发怒,0.16153054752884236,1.2708649468892261,1.1093343993603837
萝莉,-0.16143386805549445,0.02845220030349014,0.1898860683589846
yee,0.16122913505311076,0.16122913505311076,0.0
生辰,0.16122913505311076,0.16122913505311076,0.0
乔任,0.16122913505311076,0.16122913505311076,0.0
bridge,0.16071919822309952,0.1707132018209408,0.009994003597841295
gaga,0.16071919822309952,0.1707132018209408,0.009994003597841295
张杰,-0.16061872739785568,0.19916540212443096,0.35978412952228667
摇头,-0.160413994395472,0.009484066767830045,0.16989806116330203
屏幕,-0.160413994395472,0.009484066767830045,0.16989806116330203
儿童节,0.1602092613930883,0.1801972685887709,0.01998800719568259
花路,0.1602092613930883,0.1801972685887709,0.01998800719568259
央视,0.1602092613930883,0.1801972685887709,0.01998800719568259
下雨,0.16010499921594837,0.7397572078907435,0.5796522086747952
相爱,0.16000452839070456,0.36987860394537175,0.2098740755546672
喜歡,-0.15990405756546072,0.0,0.15990405756546072
徐秉龙,0.15969932456307703,0.18968133535660092,0.029982010793523885
关注,-0.15857898007781066,0.16122913505311076,0.31980811513092144
春晚,0.15816951407304328,0.21813353566009103,0.05996402158704777
江湖,0.15776004806827593,0.5974962063732929,0.43973615830501694
科比,0.15745484424064832,0.417298937784522,0.25984409354387367
长沙,0.15714964041302076,0.23710166919575115,0.07995202878273036
小马丁,0.15714964041302076,0.23710166919575115,0.07995202878273036
下架,0.1569449074106371,0.4267830045523521,0.26983809714171497
碧梨,0.1566397035830095,0.24658573596358116,0.08994603238057167
大张伟,0.1566397035830095,0.24658573596358116,0.08994603238057167
软件,-0.15551935909774317,0.1043247344461305,0.25984409354387367
魏无羡,-0.15551935909774317,0.1043247344461305,0.25984409354387367
漂亮,-0.15419428161009313,0.2655538694992413,0.4197481511093344
泰勒,-0.15398954860770944,0.07587253414264036,0.22986208275034978
比利,-0.15296967494768693,0.05690440060698028,0.2098740755546672
暧昧,-0.15296967494768693,0.05690440060698028,0.2098740755546672
奥利,-0.15245973811767569,0.04742033383915023,0.19988007195682592
看不懂,-0.15194980128766442,0.03793626707132018,0.1898860683589846
栗先达,0.15174506828528073,0.15174506828528073,0.0
登顶,0.15174506828528073,0.15174506828528073,0.0
马师,0.15174506828528073,0.15174506828528073,0.0
ikn,0.15174506828528073,0.15174506828528073,0.0
落实,-0.15143986445765317,0.02845220030349014,0.17989206476114333
同意,-0.15143986445765317,0.02845220030349014,0.17989206476114333
鳄鱼,-0.15143986445765317,0.02845220030349014,0.17989206476114333
元宵,0.15123513145526946,0.16122913505311076,0.009994003597841295
新闻,0.15123513145526946,0.16122913505311076,0.009994003597841295
csc,0.15123513145526946,0.16122913505311076,0.009994003597841295
ar,0.15123513145526946,0.16122913505311076,0.009994003597841295
惊喜,0.15103039845288577,0.3509104704097117,0.19988007195682592
脆弱,-0.15092992762764193,0.01896813353566009,0.16989806116330203
gta,-0.15092992762764193,0.01896813353566009,0.16989806116330203
闹钟,-0.15092992762764193,0.01896813353566009,0.16989806116330203
燕姿,0.15072519462525824,0.1707132018209408,0.01998800719568259
刘德华,-0.1504199907976307,0.009484066767830045,0.15990405756546072
七妹,-0.14991005396761942,0.0,0.14991005396761942
吉他谱,-0.14991005396761942,0.0,0.14991005396761942
张艺兴,0.14970532096523573,0.18968133535660092,0.03997601439136518
南方,-0.14960485013999186,0.1801972685887709,0.32980211872876275
山河,0.14919538413522446,0.19916540212443096,0.04997001798920648
吃饭,-0.14909491330998062,0.1707132018209408,0.31980811513092144
谎言,0.14868544730521324,0.208649468892261,0.05996402158704777
黄家驹,0.14868544730521324,0.208649468892261,0.05996402158704777
新婚,0.14868544730521324,0.208649468892261,0.05996402158704777
精神,0.14868544730521324,0.208649468892261,0.05996402158704777
上帝,0.1482759813004458,0.5880121396054627,0.43973615830501694
黑夜,0.14817551047520197,0.21813353566009103,0.06995802518488907
水果,0.14766557364519076,0.22761760242792112,0.07995202878273036
舞蹈,-0.1475651028199469,0.1422610015174507,0.2898261043373976
贫穷使,-0.1475651028199469,0.1422610015174507,0.2898261043373976
王子,0.14715563681517946,0.23710166919575115,0.08994603238057167
来日方长,0.14715563681517946,0.23710166919575115,0.08994603238057167
奶茶,-0.14705516598993562,0.13277693474962066,0.2798321007395563
情话,0.14664569998516822,0.24658573596358116,0.09994003597841296
眼睛,-0.14511968084703042,0.6544006069802732,0.7995202878273037
忍不住,-0.14450548183987938,0.0853566009104704,0.22986208275034978
少女,-0.14420027801225183,0.2655538694992413,0.40975414751149314
初三,-0.1434856081798569,0.06638846737481033,0.2098740755546672
带走,-0.14297567134984562,0.05690440060698028,0.19988007195682592
六级,-0.14246573451983438,0.04742033383915023,0.1898860683589846
张宇,-0.14246573451983438,0.04742033383915023,0.1898860683589846
活死人,0.1422610015174507,0.1422610015174507,0.0
相伴,0.1422610015174507,0.1422610015174507,0.0
张伟,0.1422610015174507,0.1422610015174507,0.0
挂住,0.1422610015174507,0.1422610015174507,0.0
牛批,0.1422610015174507,0.1422610015174507,0.0
real,0.1422610015174507,0.1422610015174507,0.0
阿肆,0.1422610015174507,0.1422610015174507,0.0
香蜜,0.1422610015174507,0.1422610015174507,0.0
回春,0.1422610015174507,0.1422610015174507,0.0
新疆,-0.1421605306922068,0.22761760242792112,0.3697781331201279
暗恋,-0.1421605306922068,0.22761760242792112,0.3697781331201279
集合,0.142056268515067,0.3319423368740516,0.1898860683589846
晓星尘,-0.14195579768982314,0.03793626707132018,0.17989206476114333
花钱,-0.14195579768982314,0.03793626707132018,0.17989206476114333
卡妹,0.14175106468743942,0.15174506828528073,0.009994003597841295
杠姐,0.14175106468743942,0.15174506828528073,0.009994003597841295
倔强,0.14175106468743942,0.15174506828528073,0.009994003597841295
暗杠,0.14175106468743942,0.15174506828528073,0.009994003597841295
zedd,0.14175106468743942,0.15174506828528073,0.009994003597841295
考场,0.14175106468743942,0.15174506828528073,0.009994003597841295
铁叔,0.14124112785742818,0.16122913505311076,0.01998800719568259
远方,0.1410363948550445,0.3509104704097117,0.2098740755546672
心痛,-0.14093592402980062,0.01896813353566009,0.15990405756546072
直男,-0.14093592402980062,0.01896813353566009,0.15990405756546072
治愈,-0.1406307202021731,0.19916540212443096,0.33979612232660406
伤心,-0.1406307202021731,0.19916540212443096,0.33979612232660406
标准,-0.14042598719978938,0.009484066767830045,0.14991005396761942
承太郎,-0.14042598719978938,0.009484066767830045,0.14991005396761942
童话,0.1402212541974057,0.1801972685887709,0.03997601439136518
洛杉矶,0.1402212541974057,0.1801972685887709,0.03997601439136518
放手,-0.14012078337216183,0.18968133535660092,0.32980211872876275
犬夜叉,-0.13991605036977814,0.0,0.13991605036977814
dei,-0.13991605036977814,0.0,0.13991605036977814
波纹,-0.13991605036977814,0.0,0.13991605036977814
暴露,-0.13991605036977814,0.0,0.13991605036977814
老板,0.13981178819263831,0.5595599393019728,0.4197481511093344
巡演,0.13971131736739445,0.18968133535660092,0.04997001798920648
熬夜,-0.13930564271452298,0.3603945371775418,0.4997001798920647
mp,-0.13808103605211686,0.15174506828528073,0.2898261043373976
路上,-0.13777583222448928,0.3319423368740516,0.46971816909854086
骚气,-0.13706116239209432,0.13277693474962066,0.26983809714171497
海绵宝宝,-0.1365512255620831,0.12329286798179058,0.25984409354387367
江南,-0.13604128873207183,0.11380880121396056,0.24985008994603236
性别,-0.13502141507204932,0.09484066767830046,0.22986208275034978
俄语,-0.13502141507204932,0.09484066767830046,0.22986208275034978
灵魂,-0.13492094424680542,0.4647192716236722,0.5996402158704777
简直,-0.13471621124442182,0.2750379362670713,0.40975414751149314
落日飞车,-0.13451147824203807,0.0853566009104704,0.21986807915250847
动态,-0.13451147824203807,0.0853566009104704,0.21986807915250847
奇怪,-0.13451147824203807,0.0853566009104704,0.21986807915250847
宿舍,-0.13400154141202683,0.07587253414264036,0.2098740755546672
自卑,-0.1334916045820156,0.06638846737481033,0.19988007195682592
十周年,0.13277693474962066,0.13277693474962066,0.0
无名之辈,0.13277693474962066,0.13277693474962066,0.0
李佳隆,0.13277693474962066,0.13277693474962066,0.0
飙升,0.13277693474962066,0.13277693474962066,0.0
魏晨,0.13277693474962066,0.13277693474962066,0.0
tim,0.13277693474962066,0.13277693474962066,0.0
安息,0.13277693474962066,0.13277693474962066,0.0
东京,-0.1324717309219931,0.04742033383915023,0.17989206476114333
烟卷,0.13226699791960939,0.1422610015174507,0.009994003597841295
gem,0.13226699791960939,0.1422610015174507,0.009994003597841295
热度,0.13226699791960939,0.1422610015174507,0.009994003597841295
十六,0.13226699791960939,0.1422610015174507,0.009994003597841295
jonyj,0.13226699791960939,0.1422610015174507,0.009994003597841295
老爷子,0.13226699791960939,0.1422610015174507,0.009994003597841295
德语,-0.13196179409198183,0.03793626707132018,0.16989806116330203
高潮,-0.13196179409198183,0.03793626707132018,0.16989806116330203
ice,0.13175706108959814,0.15174506828528073,0.01998800719568259
健康,0.13175706108959814,0.15174506828528073,0.01998800719568259
gosh,0.13175706108959814,0.15174506828528073,0.01998800719568259
七哥,0.13124712425958687,0.16122913505311076,0.029982010793523885
奇叔,0.13124712425958687,0.16122913505311076,0.029982010793523885
cctv,0.13124712425958687,0.16122913505311076,0.029982010793523885
萨顶顶,0.13124712425958687,0.16122913505311076,0.029982010793523885
烟火,0.13124712425958687,0.16122913505311076,0.029982010793523885
shiloh,-0.13094192043195935,0.01896813353566009,0.14991005396761942
山海,-0.13084144960671548,0.3888467374810318,0.5196881870877473
吴青峰,0.13073718742957563,0.1707132018209408,0.03997601439136518
情敌,0.13073718742957563,0.1707132018209408,0.03997601439136518
林肯公园,0.13073718742957563,0.1707132018209408,0.03997601439136518
团子,-0.1304319836019481,0.009484066767830045,0.13991605036977814
狂野,-0.1304319836019481,0.009484066767830045,0.13991605036977814
平安夜,0.1302272505995644,0.1801972685887709,0.04997001798920648
初心,0.1302272505995644,0.1801972685887709,0.04997001798920648
喊寒,0.1302272505995644,0.1801972685887709,0.04997001798920648
火星,0.1302272505995644,0.1801972685887709,0.04997001798920648
细节,-0.12992204677193683,0.0,0.12992204677193683
钉宫,-0.12992204677193683,0.0,0.12992204677193683
星球,0.12971731376955314,0.18968133535660092,0.05996402158704777
至尊宝,0.12971731376955314,0.18968133535660092,0.05996402158704777
爱意,0.12971731376955314,0.18968133535660092,0.05996402158704777
福克斯,0.12869744010953063,0.208649468892261,0.07995202878273036
赶紧,0.12869744010953063,0.208649468892261,0.07995202878273036
上映,0.1281875032795194,0.21813353566009103,0.08994603238057167
rap,-0.12727568314853258,1.2518968133535662,1.3791724965020986
深夜,0.12716762961949693,0.23710166919575115,0.10993403957625424
高三,0.1268586344399732,0.9863429438543246,0.8594843094143514
成绩,-0.12676195496662546,0.31297420333839154,0.43973615830501694
鸡皮疙瘩,0.1261477559594744,0.2560698027314112,0.12992204677193683
金木,-0.12604728513423052,0.11380880121396056,0.23985608634819108
可不可以,-0.12604728513423052,0.11380880121396056,0.23985608634819108
沙雕,-0.12604728513423052,0.11380880121396056,0.23985608634819108
重新,0.12461794546944066,0.2845220030349014,0.15990405756546072
男子,-0.12451747464419682,0.0853566009104704,0.2098740755546672
韩剧,-0.12400753781418553,0.07587253414264036,0.19988007195682592
玩飞车,-0.12400753781418553,0.07587253414264036,0.19988007195682592
hardwell,0.12329286798179058,0.12329286798179058,0.0
金庸,0.12329286798179058,0.12329286798179058,0.0
撒花,0.12329286798179058,0.12329286798179058,0.0
小虎,0.12329286798179058,0.12329286798179058,0.0
冠单,0.12329286798179058,0.12329286798179058,0.0
阿呆,0.12329286798179058,0.12329286798179058,0.0
炎亚纶,0.12329286798179058,0.12329286798179058,0.0
李宇春,0.12329286798179058,0.12329286798179058,0.0
黑崎,0.12329286798179058,0.12329286798179058,0.0
纸短情长,0.12329286798179058,0.12329286798179058,0.0
耿耿于怀,0.12329286798179058,0.12329286798179058,0.0
砍死,0.12329286798179058,0.12329286798179058,0.0
forever,0.12329286798179058,0.12329286798179058,0.0
回头,-0.12299145550605911,0.9863429438543246,1.1093343993603837
欧拉,-0.12298766415416305,0.05690440060698028,0.17989206476114333
低调,-0.12298766415416305,0.05690440060698028,0.17989206476114333
vicetone,0.12278293115177934,0.13277693474962066,0.009994003597841295
higher,0.12278293115177934,0.13277693474962066,0.009994003597841295
终将,0.12278293115177934,0.13277693474962066,0.009994003597841295
围观,0.12278293115177934,0.13277693474962066,0.009994003597841295
影响,-0.1224777273241518,0.04742033383915023,0.16989806116330203
小熊,-0.1224777273241518,0.04742033383915023,0.16989806116330203
蒸汽,-0.1224777273241518,0.04742033383915023,0.16989806116330203
不好意思,-0.1224777273241518,0.04742033383915023,0.16989806116330203
微信,-0.1224777273241518,0.04742033383915023,0.16989806116330203
读书,-0.1224777273241518,0.04742033383915023,0.16989806116330203
kygo,0.12227299432176811,0.1422610015174507,0.01998800719568259
右手,0.12227299432176811,0.1422610015174507,0.01998800719568259
老三,0.12227299432176811,0.1422610015174507,0.01998800719568259
春风,0.12206826131938439,0.3319423368740516,0.2098740755546672
爵士,-0.12196779049414053,0.03793626707132018,0.15990405756546072
历史,-0.12196779049414053,0.03793626707132018,0.15990405756546072
彩蛋,0.12176305749175685,0.15174506828528073,0.029982010793523885
ky,-0.12156211584126916,0.5880121396054627,0.7095742554467319
安全感,-0.12145785366412928,0.02845220030349014,0.14991005396761942
非诚勿扰,-0.12145785366412928,0.02845220030349014,0.14991005396761942
斑马,-0.12145785366412928,0.02845220030349014,0.14991005396761942
ble,-0.12145785366412928,0.02845220030349014,0.14991005396761942
祝你们,0.12125312066174558,0.16122913505311076,0.03997601439136518
kc,0.12125312066174558,0.16122913505311076,0.03997601439136518
上架,0.12125312066174558,0.16122913505311076,0.03997601439136518
潮爷,0.12125312066174558,0.16122913505311076,0.03997601439136518
地方,-0.12115644118839775,1.1380880121396055,1.2592444533280032
差点,-0.12115264983650174,0.208649468892261,0.32980211872876275
美国,-0.12115264983650174,0.208649468892261,0.32980211872876275
见面,-0.12115264983650174,0.208649468892261,0.32980211872876275
物语,-0.12094791683411804,0.01896813353566009,0.13991605036977814
逆战,-0.12094791683411804,0.01896813353566009,0.13991605036977814
主角,-0.12094791683411804,0.01896813353566009,0.13991605036977814
僵尸,0.12074318383173434,0.1707132018209408,0.04997001798920648
漂移,-0.1204379800041068,0.009484066767830045,0.12992204677193683
谱子,-0.1204379800041068,0.009484066767830045,0.12992204677193683
热爱,0.12023324700172311,0.1801972685887709,0.05996402158704777
左手,0.12023324700172311,0.1801972685887709,0.05996402158704777
斗鱼,0.12023324700172311,0.1801972685887709,0.05996402158704777
五级,-0.11992804317409554,0.0,0.11992804317409554
模式,-0.11992804317409554,0.0,0.11992804317409554
空降,0.11972331017171185,0.18968133535660092,0.06995802518488907
坐等,0.11951857716932816,0.37936267071320184,0.25984409354387367
solo,0.11870343651168934,0.208649468892261,0.08994603238057167
欢快,-0.11758309202642299,0.1422610015174507,0.25984409354387367
同桌,-0.11758309202642299,0.1422610015174507,0.25984409354387367
nice,0.11666368919164433,0.24658573596358116,0.12992204677193683
卢本伟,-0.11605328153638923,0.11380880121396056,0.22986208275034978
小可爱,-0.11605328153638923,0.11380880121396056,0.22986208275034978
广州,0.11564381553162188,0.2655538694992413,0.14991005396761942
委屈,-0.11503340787636675,0.09484066767830046,0.2098740755546672
许巍,-0.11503340787636675,0.09484066767830046,0.2098740755546672
千古,0.11380880121396056,0.11380880121396056,0.0
同胞,0.11380880121396056,0.11380880121396056,0.0
朱正廷,0.11380880121396056,0.11380880121396056,0.0
单身情歌,0.11380880121396056,0.11380880121396056,0.0
老鳖,0.11380880121396056,0.11380880121396056,0.0
mike,0.11380880121396056,0.11380880121396056,0.0
意别,0.11380880121396056,0.11380880121396056,0.0
喜碧,0.11380880121396056,0.11380880121396056,0.0
圈粉,0.11380880121396056,0.11380880121396056,0.0
kshmr,0.11380880121396056,0.11380880121396056,0.0
缅怀,0.11380880121396056,0.11380880121396056,0.0
小黑,0.11380880121396056,0.11380880121396056,0.0
别带,0.11380880121396056,0.11380880121396056,0.0
沙漠,0.11380880121396056,0.11380880121396056,0.0
marshmello,0.11380880121396056,0.11380880121396056,0.0
鸡哥,0.11380880121396056,0.11380880121396056,0.0
光棍节,0.11380880121396056,0.11380880121396056,0.0
折磨,-0.113503597386333,0.06638846737481033,0.17989206476114333
证明,-0.113503597386333,0.06638846737481033,0.17989206476114333
英语老师,-0.113503597386333,0.06638846737481033,0.17989206476114333
sam,0.11329886438394929,0.12329286798179058,0.009994003597841295
khalid,0.11329886438394929,0.12329286798179058,0.009994003597841295
大结局,0.11329886438394929,0.12329286798179058,0.009994003597841295
阿三,0.11329886438394929,0.12329286798179058,0.009994003597841295
谭嗣同,0.11329886438394929,0.12329286798179058,0.009994003597841295
首歌曲,0.11329886438394929,0.12329286798179058,0.009994003597841295
唐人街,0.11329886438394929,0.12329286798179058,0.009994003597841295
阿明,0.11329886438394929,0.12329286798179058,0.009994003597841295
圆哥,0.11329886438394929,0.12329286798179058,0.009994003597841295
解散,0.11329886438394929,0.12329286798179058,0.009994003597841295
禁止,-0.11319839355870549,0.24658573596358116,0.35978412952228667
思考,-0.11299366055632175,0.05690440060698028,0.16989806116330203
千万,0.11278892755393806,0.13277693474962066,0.01998800719568259
总冠军,0.11278892755393806,0.13277693474962066,0.01998800719568259
电脑,-0.11248372372631049,0.04742033383915023,0.15990405756546072
wow,0.1122789907239268,0.1422610015174507,0.029982010793523885
理智,0.1122789907239268,0.1422610015174507,0.029982010793523885
押韵,0.1122789907239268,0.1422610015174507,0.029982010793523885
演员,0.1122789907239268,0.1422610015174507,0.029982010793523885
震撼,0.11176905389391555,0.15174506828528073,0.03997601439136518
星河,0.11176905389391555,0.15174506828528073,0.03997601439136518
来不及,0.11176905389391555,0.15174506828528073,0.03997601439136518
pick,0.11176905389391555,0.15174506828528073,0.03997601439136518
夜店,-0.111463850066288,0.02845220030349014,0.13991605036977814
道祖师,-0.111463850066288,0.02845220030349014,0.13991605036977814
复合,0.11125911706390429,0.16122913505311076,0.04997001798920648
杨千嬅,-0.11095391323627674,0.01896813353566009,0.12992204677193683
张韶涵,0.11074918023389305,0.1707132018209408,0.05996402158704777
乐团,0.11074918023389305,0.1707132018209408,0.05996402158704777
郭顶,0.11074918023389305,0.1707132018209408,0.05996402158704777
师父,-0.1104439764062655,0.009484066767830045,0.11992804317409554
士兵,-0.1104439764062655,0.009484066767830045,0.11992804317409554
选手,-0.1104439764062655,0.009484066767830045,0.11992804317409554
刺客,-0.1104439764062655,0.009484066767830045,0.11992804317409554
确实,0.11033971422912564,0.5500758725341426,0.43973615830501694
福利,0.1102392434038818,0.1801972685887709,0.06995802518488907
萝莉控,-0.10993403957625424,0.0,0.10993403957625424
语种,-0.10993403957625424,0.0,0.10993403957625424
资本主义,-0.10993403957625424,0.0,0.10993403957625424
疾风,-0.10993403957625424,0.0,0.10993403957625424
五十音,-0.10993403957625424,0.0,0.10993403957625424
水泥,-0.10993403957625424,0.0,0.10993403957625424
生气,-0.10983356875101041,0.36987860394537175,0.47971217269638217
盆栽,0.10921936974385929,0.19916540212443096,0.08994603238057167
孙燕姿,0.10870943291384805,0.208649468892261,0.09994003597841296
好想你,0.1086051707367082,0.7682094081942337,0.6596042374575255
杀手,-0.10809902525859294,0.15174506828528073,0.25984409354387367
西安,-0.10809902525859294,0.15174506828528073,0.25984409354387367
投票,0.10768955925382556,0.22761760242792112,0.11992804317409554
清新,0.10697488942143063,0.4267830045523521,0.31980811513092144
林俊杰,-0.10626401094093166,0.30349013657056145,0.40975414751149314
教主,0.1061597487637918,0.2560698027314112,0.14991005396761942
师傅,-0.10605927793854793,0.11380880121396056,0.21986807915250847
恶心,-0.10554934110853671,0.1043247344461305,0.2098740755546672
原唱,-0.10515124915945734,2.513277693474962,2.618428942634419
结束,0.1045256760966182,0.8440819423368741,0.7395562662402558
稻米,0.1043247344461305,0.1043247344461305,0.0
武侠,0.1043247344461305,0.1043247344461305,0.0
yk,0.1043247344461305,0.1043247344461305,0.0
锦觅,0.1043247344461305,0.1043247344461305,0.0
塔叔,0.1043247344461305,0.1043247344461305,0.0
果汁,0.1043247344461305,0.1043247344461305,0.0
吴邪,0.1043247344461305,0.1043247344461305,0.0
bangz,0.1043247344461305,0.1043247344461305,0.0
高富帅,0.1043247344461305,0.1043247344461305,0.0
王爷,0.1043247344461305,0.1043247344461305,0.0
但愿人长久,0.1043247344461305,0.1043247344461305,0.0
初雪,0.1043247344461305,0.1043247344461305,0.0
周笔畅,0.1043247344461305,0.1043247344461305,0.0
空集,0.1043247344461305,0.1043247344461305,0.0
十二月,0.1043247344461305,0.1043247344461305,0.0
我爱你,0.10430956903854623,3.8220789074355084,3.717769338396962
男孩,0.10421288956519864,2.522761760242792,2.4185488706775935
王心凌,-0.10401953061850296,0.07587253414264036,0.17989206476114333
随便,-0.10401953061850296,0.07587253414264036,0.17989206476114333
旅行团,0.10381479761611927,0.11380880121396056,0.009994003597841295
主打,0.10381479761611927,0.11380880121396056,0.009994003597841295
梦龙,0.10381479761611927,0.11380880121396056,0.009994003597841295
卡受,0.10381479761611927,0.11380880121396056,0.009994003597841295
藏不住,0.10381479761611927,0.11380880121396056,0.009994003597841295
freestyle,0.10381479761611927,0.11380880121396056,0.009994003597841295
睡觉,-0.10361764731752757,1.5553869499241273,1.659004597241655
fine,0.10330486078610798,0.12329286798179058,0.01998800719568259
riri,0.10330486078610798,0.12329286798179058,0.01998800719568259
明哥,0.10330486078610798,0.12329286798179058,0.01998800719568259
知恩,0.10330486078610798,0.12329286798179058,0.01998800719568259
cdc,0.10330486078610798,0.12329286798179058,0.01998800719568259
橘子,-0.10299965695848044,0.05690440060698028,0.15990405756546072
目标,-0.10299965695848044,0.05690440060698028,0.15990405756546072
孙子,-0.10299965695848044,0.05690440060698028,0.15990405756546072
图片,-0.10299965695848044,0.05690440060698028,0.15990405756546072
狗头,-0.10299965695848044,0.05690440060698028,0.15990405756546072
玩笑,0.10279492395609677,0.13277693474962066,0.029982010793523885
老棉,0.10279492395609677,0.13277693474962066,0.029982010793523885
nineone,0.10279492395609677,0.13277693474962066,0.029982010793523885
半生,0.10279492395609677,0.13277693474962066,0.029982010793523885
盖楼,0.10279492395609677,0.13277693474962066,0.029982010793523885
rng,0.1022849871260855,0.1422610015174507,0.03997601439136518
心上,0.1022849871260855,0.1422610015174507,0.03997601439136518
学院,0.1022849871260855,0.1422610015174507,0.03997601439136518
快手,-0.10218451630084163,0.22761760242792112,0.32980211872876275
备胎,-0.10218451630084163,0.22761760242792112,0.32980211872876275
初音,-0.10197978329845794,0.03793626707132018,0.13991605036977814
沈以诚,0.10177505029607425,0.15174506828528073,0.04997001798920648
寻找,0.10177505029607425,0.15174506828528073,0.04997001798920648
创造,0.10177505029607425,0.15174506828528073,0.04997001798920648
音效,-0.1014698464684467,0.02845220030349014,0.12992204677193683
江澄,-0.1014698464684467,0.02845220030349014,0.12992204677193683
老五,-0.1014698464684467,0.02845220030349014,0.12992204677193683
红尘,-0.1014698464684467,0.02845220030349014,0.12992204677193683
粤语版,-0.1014698464684467,0.02845220030349014,0.12992204677193683
朱星杰,-0.1014698464684467,0.02845220030349014,0.12992204677193683
陀螺,-0.1014698464684467,0.02845220030349014,0.12992204677193683
周五,0.101265113466063,0.16122913505311076,0.05996402158704777
点开,-0.10095990963843546,0.01896813353566009,0.11992804317409554
偷心,-0.10095990963843546,0.01896813353566009,0.11992804317409554
咖啡,-0.10095990963843546,0.01896813353566009,0.11992804317409554
楼上,-0.10095990963843546,0.01896813353566009,0.11992804317409554
沾喜气,-0.10095990963843546,0.01896813353566009,0.11992804317409554
ig,0.10075517663605174,0.1707132018209408,0.06995802518488907
ty,0.10075517663605174,0.1707132018209408,0.06995802518488907
吹口哨,-0.1004499728084242,0.009484066767830045,0.10993403957625424
疑车,-0.1004499728084242,0.009484066767830045,0.10993403957625424
恶作剧,-0.1004499728084242,0.009484066767830045,0.10993403957625424
外放,-0.1004499728084242,0.009484066767830045,0.10993403957625424
战歌,-0.1004499728084242,0.009484066767830045,0.10993403957625424
老婆,-0.10034950198318035,0.37936267071320184,0.47971217269638217
花开,0.10024523980604051,0.1801972685887709,0.07995202878273036
心事,0.10024523980604051,0.1801972685887709,0.07995202878273036
爱上,-0.09912489532077416,0.1707132018209408,0.26983809714171497
eason,-0.09810502166075163,0.15174506828528073,0.24985008994603236
西瓜,-0.09810502166075163,0.15174506828528073,0.24985008994603236
阳光,-0.0980045508355078,0.5216236722306524,0.6196282230661603
评论区,0.09800075948361185,0.407814871016692,0.30981411153308014
火星哥,-0.0975950848307404,0.1422610015174507,0.23985608634819108
抖友,0.09718561882597301,0.23710166919575115,0.13991605036977814
迷茫,-0.0955553375106954,0.1043247344461305,0.19988007195682592
满满的,-0.0955553375106954,0.1043247344461305,0.19988007195682592
点赞,-0.0947401968530566,0.2750379362670713,0.3697781331201279
慢慢来,0.0943307308482892,0.1043247344461305,0.009994003597841295
佛系,0.0943307308482892,0.1043247344461305,0.009994003597841295
黑崎子,0.0943307308482892,0.1043247344461305,0.009994003597841295
插电,0.0943307308482892,0.1043247344461305,0.009994003597841295
李知恩,0.0943307308482892,0.1043247344461305,0.009994003597841295
身体健康,0.0943307308482892,0.1043247344461305,0.009994003597841295
陈小希,0.0943307308482892,0.1043247344461305,0.009994003597841295
三十岁,0.0943307308482892,0.1043247344461305,0.009994003597841295
韩文,-0.09402552702066166,0.07587253414264036,0.16989806116330203
解释,-0.09402552702066166,0.07587253414264036,0.16989806116330203
猴西,0.09382079401827796,0.11380880121396056,0.01998800719568259
侦探,0.09382079401827796,0.11380880121396056,0.01998800719568259
钟意,0.09382079401827796,0.11380880121396056,0.01998800719568259
尘埃,0.09382079401827796,0.11380880121396056,0.01998800719568259
萧敬腾,0.09382079401827796,0.11380880121396056,0.01998800719568259
节奏感,0.09382079401827796,0.11380880121396056,0.01998800719568259
情书,-0.0935155901906504,0.06638846737481033,0.15990405756546072
皮皮虾,-0.0935155901906504,0.06638846737481033,0.15990405756546072
算了吧,-0.0935155901906504,0.06638846737481033,0.15990405756546072
棒子,0.09331085718826669,0.12329286798179058,0.029982010793523885
丛林,0.09331085718826669,0.12329286798179058,0.029982010793523885
流行,0.09331085718826669,0.12329286798179058,0.029982010793523885
条狗,0.09331085718826669,0.12329286798179058,0.029982010793523885
排骨,-0.09300565336063915,0.05690440060698028,0.14991005396761942
周传雄,-0.09300565336063915,0.05690440060698028,0.14991005396761942
前程似锦,0.09280092035825546,0.13277693474962066,0.03997601439136518
双笙,0.09259618735587175,0.3224582701062215,0.22986208275034978
医院,-0.09249571653062791,0.04742033383915023,0.13991605036977814
压力,-0.09249571653062791,0.04742033383915023,0.13991605036977814
老夫,-0.09249571653062791,0.04742033383915023,0.13991605036977814
音质,-0.09249571653062791,0.04742033383915023,0.13991605036977814
考试,0.09239145435348804,0.5121396054628224,0.4197481511093344
提莫,0.0922909835282442,0.1422610015174507,0.04997001798920648
神奇,0.0922909835282442,0.1422610015174507,0.04997001798920648
紫霞,0.0922909835282442,0.1422610015174507,0.04997001798920648
金榜题名,0.0922909835282442,0.1422610015174507,0.04997001798920648
这辈子,-0.09219051270300033,0.22761760242792112,0.31980811513092144
吓死,-0.09198577970061665,0.03793626707132018,0.12992204677193683
exo,-0.09198577970061665,0.03793626707132018,0.12992204677193683
短暂,-0.09198577970061665,0.03793626707132018,0.12992204677193683
带上,-0.09198577970061665,0.03793626707132018,0.12992204677193683
美女,-0.09198577970061665,0.03793626707132018,0.12992204677193683
黑化,-0.09198577970061665,0.03793626707132018,0.12992204677193683
nba,0.09178104669823296,0.15174506828528073,0.05996402158704777
demo,0.09178104669823296,0.15174506828528073,0.05996402158704777
烟花,0.09178104669823296,0.15174506828528073,0.05996402158704777
low,-0.09147584287060541,0.02845220030349014,0.11992804317409554
走路,-0.09147584287060541,0.02845220030349014,0.11992804317409554
别哭,-0.09147584287060541,0.02845220030349014,0.11992804317409554
战争,-0.09147584287060541,0.02845220030349014,0.11992804317409554
发布,0.0912711098682217,0.16122913505311076,0.06995802518488907
沦陷,0.0912711098682217,0.16122913505311076,0.06995802518488907
心酸,0.0912711098682217,0.16122913505311076,0.06995802518488907
冰箱,-0.09096590604059415,0.01896813353566009,0.10993403957625424
泰语,-0.09096590604059415,0.01896813353566009,0.10993403957625424
脏话,-0.09096590604059415,0.01896813353566009,0.10993403957625424
区别,-0.09096590604059415,0.01896813353566009,0.10993403957625424
罗大佑,-0.09096590604059415,0.01896813353566009,0.10993403957625424
旁边,-0.09096590604059415,0.01896813353566009,0.10993403957625424
泥鳅,0.09076117303821045,0.1707132018209408,0.07995202878273036
hook,0.09076117303821045,0.1707132018209408,0.07995202878273036
hiphop,0.09025123620819922,0.1801972685887709,0.08994603238057167
陌生,0.08974129937818796,0.18968133535660092,0.09994003597841296
中毒,-0.0896408285529441,0.1801972685887709,0.26983809714171497
完结,0.08923136254817672,0.19916540212443096,0.10993403957625424
蔡健雅,0.08923136254817672,0.19916540212443096,0.10993403957625424
身上,-0.08709114440288784,0.13277693474962066,0.21986807915250847
怀孕,0.08668167839812044,0.24658573596358116,0.15990405756546072
内心,-0.08658120757287663,0.12329286798179058,0.2098740755546672
慵懒,-0.08658120757287663,0.12329286798179058,0.2098740755546672
开学,-0.08627600374524905,0.30349013657056145,0.3897661403158105
照顾,0.08617174156810921,0.2560698027314112,0.16989806116330203
欧美,-0.08607127074286536,0.11380880121396056,0.19988007195682592
恶魔,-0.0855613339128541,0.1043247344461305,0.1898860683589846
勇敢,0.08545707173571432,0.45523520485584223,0.3697781331201279
蓝忘机,-0.08505139708284287,0.09484066767830046,0.17989206476114333
羡慕,-0.08474619325521535,0.2750379362670713,0.35978412952228667
火车,-0.08454146025283162,0.0853566009104704,0.16989806116330203
粤语歌,-0.08454146025283162,0.0853566009104704,0.16989806116330203
垃圾,-0.08454146025283162,0.0853566009104704,0.16989806116330203
ho,0.0843367272504479,0.1043247344461305,0.01998800719568259
头条,0.0843367272504479,0.1043247344461305,0.01998800719568259
吟唱,0.0843367272504479,0.1043247344461305,0.01998800719568259
白马,0.0843367272504479,0.1043247344461305,0.01998800719568259
谢帝,0.0843367272504479,0.1043247344461305,0.01998800719568259
龙哥,0.0843367272504479,0.1043247344461305,0.01998800719568259
形容,0.0843367272504479,0.1043247344461305,0.01998800719568259
蓝色,0.08413199424806418,0.29400606980273136,0.2098740755546672
停不下来,-0.08403152342282036,0.07587253414264036,0.15990405756546072
衣服,-0.08403152342282036,0.07587253414264036,0.15990405756546072
倾城,0.08382679042043667,0.11380880121396056,0.029982010793523885
草原,0.08382679042043667,0.11380880121396056,0.029982010793523885
平凡,-0.08372631959519282,0.2560698027314112,0.33979612232660406
表情,-0.08352158659280909,0.06638846737481033,0.14991005396761942
打破,-0.08352158659280909,0.06638846737481033,0.14991005396761942
喊麦,-0.08352158659280909,0.06638846737481033,0.14991005396761942
同性,-0.08352158659280909,0.06638846737481033,0.14991005396761942
云音乐,-0.08352158659280909,0.06638846737481033,0.14991005396761942
德国,-0.08352158659280909,0.06638846737481033,0.14991005396761942
块钱,-0.08352158659280909,0.06638846737481033,0.14991005396761942
绵羊,0.0833168535904254,0.12329286798179058,0.03997601439136518
创作,0.0833168535904254,0.12329286798179058,0.03997601439136518
紧张,0.0833168535904254,0.12329286798179058,0.03997601439136518
深爱,0.0833168535904254,0.12329286798179058,0.03997601439136518
上班,-0.08301164976279787,0.05690440060698028,0.13991605036977814
魔王,0.08280691676041417,0.13277693474962066,0.04997001798920648
西语,0.08280691676041417,0.13277693474962066,0.04997001798920648
张碧晨,0.08280691676041417,0.13277693474962066,0.04997001798920648
张云雷,0.08280691676041417,0.13277693474962066,0.04997001798920648
梦见,-0.08270644593517029,0.23710166919575115,0.31980811513092144
记住,-0.08270644593517029,0.23710166919575115,0.31980811513092144
楼下,-0.0825017129327866,0.04742033383915023,0.12992204677193683
两块钱,-0.0825017129327866,0.04742033383915023,0.12992204677193683
自古,-0.0825017129327866,0.04742033383915023,0.12992204677193683
张敬轩,-0.0825017129327866,0.04742033383915023,0.12992204677193683
慕寒,0.08229697993040293,0.1422610015174507,0.05996402158704777
腾讯,0.08229697993040293,0.1422610015174507,0.05996402158704777
离别,0.08229697993040293,0.1422610015174507,0.05996402158704777
不仅仅,-0.08199177610277537,0.03793626707132018,0.11992804317409554
awsl,-0.08199177610277537,0.03793626707132018,0.11992804317409554
搜索,-0.08199177610277537,0.03793626707132018,0.11992804317409554
仿佛,-0.08199177610277537,0.03793626707132018,0.11992804317409554
绅士,-0.08199177610277537,0.03793626707132018,0.11992804317409554
外星,0.08178704310039166,0.15174506828528073,0.06995802518488907
朋友圈,0.08178704310039166,0.15174506828528073,0.06995802518488907
石头,-0.0814818392727641,0.02845220030349014,0.10993403957625424
蚂蚁,-0.0814818392727641,0.02845220030349014,0.10993403957625424
妖精,-0.0814818392727641,0.02845220030349014,0.10993403957625424
诡异,-0.0814818392727641,0.02845220030349014,0.10993403957625424
巅峰,-0.0814818392727641,0.02845220030349014,0.10993403957625424
ins,0.08127710627038041,0.16122913505311076,0.07995202878273036
国庆,0.08127710627038041,0.16122913505311076,0.07995202878273036
love,0.08076716944036914,0.1707132018209408,0.08994603238057167
黑胶,0.08025723261035793,0.1801972685887709,0.09994003597841296
傻子,0.08025723261035793,0.1801972685887709,0.09994003597841296
父亲,-0.08015676178511406,0.18968133535660092,0.26983809714171497
空间,-0.08015676178511406,0.18968133535660092,0.26983809714171497
死亡,-0.08015676178511406,0.18968133535660092,0.26983809714171497
苏打绿,0.07974729578034667,0.18968133535660092,0.10993403957625424
格莱美,0.07974729578034667,0.18968133535660092,0.10993403957625424
相逢,0.07974729578034667,0.18968133535660092,0.10993403957625424
医生,-0.0796468249551028,0.1801972685887709,0.25984409354387367
前男友,0.07923735895033542,0.19916540212443096,0.11992804317409554
单曲,0.07923735895033542,0.19916540212443096,0.11992804317409554
凌晨,0.07923735895033542,0.19916540212443096,0.11992804317409554
下辈子,0.07872742212032416,0.208649468892261,0.12992204677193683
吃鸡,0.07872742212032416,0.208649468892261,0.12992204677193683
笑声,-0.07811701446506907,0.15174506828528073,0.22986208275034978
公子,0.07770754846030169,0.22761760242792112,0.14991005396761942
上传,0.07770754846030169,0.22761760242792112,0.14991005396761942
小心,-0.0776070776350578,0.1422610015174507,0.21986807915250847
外婆,-0.0776070776350578,0.1422610015174507,0.21986807915250847
屁股,-0.0776070776350578,0.1422610015174507,0.21986807915250847
公主,0.07750281545791796,0.417298937784522,0.33979612232660406
混音,0.07719761163029043,0.23710166919575115,0.15990405756546072
甜甜的,0.07688861645076674,0.9863429438543246,0.9094543274035579
小鬼,-0.07607726714502405,0.11380880121396056,0.1898860683589846
答案,-0.07607726714502405,0.11380880121396056,0.1898860683589846
下次,-0.07556733031501282,0.1043247344461305,0.17989206476114333
证据,-0.07505739348500157,0.09484066767830046,0.16989806116330203
暴富,-0.07454745665499031,0.0853566009104704,0.15990405756546072
姥爷,0.07434272365260662,0.1043247344461305,0.029982010793523885
cxk,0.07434272365260662,0.1043247344461305,0.029982010793523885
蛇叔,0.07434272365260662,0.1043247344461305,0.029982010793523885
梁博,0.07434272365260662,0.1043247344461305,0.029982010793523885
老先生,0.07434272365260662,0.1043247344461305,0.029982010793523885
季节,0.07434272365260662,0.1043247344461305,0.029982010793523885
歌神,-0.07403751982497905,0.07587253414264036,0.14991005396761942
运动,0.07383278682259538,0.11380880121396056,0.03997601439136518
ost,0.07383278682259538,0.11380880121396056,0.03997601439136518
小鹿,-0.07352758299496781,0.06638846737481033,0.13991605036977814
信息,-0.07352758299496781,0.06638846737481033,0.13991605036977814
盛夏,0.07332284999258411,0.12329286798179058,0.04997001798920648
银河,0.07332284999258411,0.12329286798179058,0.04997001798920648
萌德,0.07332284999258411,0.12329286798179058,0.04997001798920648
蝴蝶,0.07332284999258411,0.12329286798179058,0.04997001798920648
陈奕迅,-0.07322237916734028,0.24658573596358116,0.31980811513092144
嫉妒,-0.07301764616495657,0.05690440060698028,0.12992204677193683
角色,-0.07301764616495657,0.05690440060698028,0.12992204677193683
原谅,-0.07291717533971268,0.4267830045523521,0.4997001798920647
念念不忘,0.07281291316257288,0.13277693474962066,0.05996402158704777
罗志祥,0.07281291316257288,0.13277693474962066,0.05996402158704777
班长,0.07281291316257288,0.13277693474962066,0.05996402158704777
戳爷,0.07260818016018918,0.3224582701062215,0.24985008994603236
串烧,-0.07250770933494531,0.04742033383915023,0.11992804317409554
独白,-0.07250770933494531,0.04742033383915023,0.11992804317409554
完整,-0.07250770933494531,0.04742033383915023,0.11992804317409554
冷漠,-0.07250770933494531,0.04742033383915023,0.11992804317409554
蓝湛,-0.07250770933494531,0.04742033383915023,0.11992804317409554
考古,-0.07250770933494531,0.04742033383915023,0.11992804317409554
洗澡,-0.07250770933494531,0.04742033383915023,0.11992804317409554
笑容,0.07230297633256162,0.1422610015174507,0.06995802518488907
室友,-0.07199777250493407,0.03793626707132018,0.10993403957625424
小学生,-0.07199777250493407,0.03793626707132018,0.10993403957625424
左耳,-0.07199777250493407,0.03793626707132018,0.10993403957625424
普通话,-0.07199777250493407,0.03793626707132018,0.10993403957625424
cd,-0.07199777250493407,0.03793626707132018,0.10993403957625424
磁带,-0.07199777250493407,0.03793626707132018,0.10993403957625424
荒木,-0.07199777250493407,0.03793626707132018,0.10993403957625424
奥特曼,-0.07199777250493407,0.03793626707132018,0.10993403957625424
goodbye,-0.07199777250493407,0.03793626707132018,0.10993403957625424
电视剧,-0.07128689402443515,0.7682094081942337,0.8394963022186688
军训,0.07128310267253911,0.16122913505311076,0.08994603238057167
方式,0.07128310267253911,0.16122913505311076,0.08994603238057167
洒脱,0.07077316584252785,0.1707132018209408,0.09994003597841296
鹿晗,0.07077316584252785,0.1707132018209408,0.09994003597841296
草莓,0.07026322901251664,0.1801972685887709,0.10993403957625424
mj,0.07026322901251664,0.1801972685887709,0.10993403957625424
闽南语,0.07026322901251664,0.1801972685887709,0.10993403957625424
文化,-0.07016275818727276,0.18968133535660092,0.25984409354387367
大老师,0.06975329218250537,0.18968133535660092,0.11992804317409554
胖子,0.06924335535249412,0.19916540212443096,0.12992204677193683
星空,0.06924335535249412,0.19916540212443096,0.12992204677193683
男主,0.06873341852248285,0.208649468892261,0.13991605036977814
星辰,-0.06863294769723902,0.16122913505311076,0.22986208275034978
抱紧,-0.06863294769723902,0.16122913505311076,0.22986208275034978
习惯,0.06862915634534299,0.7682094081942337,0.6995802518488907
成功,-0.06853247687199507,0.5311077389984826,0.5996402158704777
李宗盛,-0.06761307403721652,0.1422610015174507,0.2098740755546672
颜色,0.06618373437242663,0.2560698027314112,0.1898860683589846
担心,-0.06506338988716026,0.09484066767830046,0.15990405756546072
满脑子,-0.06506338988716026,0.09484066767830046,0.15990405756546072
女子,-0.064553453057149,0.0853566009104704,0.14991005396761942
长安,-0.064553453057149,0.0853566009104704,0.14991005396761942
兔子,-0.06445298223190513,0.45523520485584223,0.5196881870877473
虾米,0.06434872005476532,0.1043247344461305,0.03997601439136518
牛姐,0.06434872005476532,0.1043247344461305,0.03997601439136518
长裙,0.06434872005476532,0.1043247344461305,0.03997601439136518
头牌,0.06434872005476532,0.1043247344461305,0.03997601439136518
gcci,0.06434872005476532,0.1043247344461305,0.03997601439136518
漫长,0.06434872005476532,0.1043247344461305,0.03997601439136518
追光,0.06434872005476532,0.1043247344461305,0.03997601439136518
银临,0.06434872005476532,0.1043247344461305,0.03997601439136518
杨和苏,0.06434872005476532,0.1043247344461305,0.03997601439136518
杨丞琳,0.06434872005476532,0.1043247344461305,0.03997601439136518
vava,0.06434872005476532,0.1043247344461305,0.03997601439136518
馒头,-0.06404351622713778,0.07587253414264036,0.13991605036977814
牵手,-0.06404351622713778,0.07587253414264036,0.13991605036977814
雨神,0.06383878322475407,0.11380880121396056,0.04997001798920648
清晨,0.06383878322475407,0.11380880121396056,0.04997001798920648
激情,0.06383878322475407,0.11380880121396056,0.04997001798920648
忧伤,0.06383878322475407,0.11380880121396056,0.04997001798920648
回不去,-0.06373831239951021,0.2560698027314112,0.31980811513092144
怪物,-0.0635335793971265,0.06638846737481033,0.12992204677193683
魔力,-0.0635335793971265,0.06638846737481033,0.12992204677193683
所有人,-0.0635335793971265,0.06638846737481033,0.12992204677193683
上学,0.06332884639474282,0.12329286798179058,0.05996402158704777
明星,0.06332884639474282,0.12329286798179058,0.05996402158704777
中意,0.06332884639474282,0.12329286798179058,0.05996402158704777
蕾姆,0.06332884639474282,0.12329286798179058,0.05996402158704777
田柾,-0.06302364256711526,0.05690440060698028,0.11992804317409554
奇妙,-0.06302364256711526,0.05690440060698028,0.11992804317409554
搞笑,-0.06302364256711526,0.05690440060698028,0.11992804317409554
喜羊羊,-0.06251370573710402,0.04742033383915023,0.10993403957625424
自私,-0.06251370573710402,0.04742033383915023,0.10993403957625424
哲学,-0.06251370573710402,0.04742033383915023,0.10993403957625424
国内,-0.06251370573710402,0.04742033383915023,0.10993403957625424
空灵,0.06230897273472033,0.1422610015174507,0.07995202878273036
有嘻哈,0.06230897273472033,0.1422610015174507,0.07995202878273036
重蹈覆辙,0.06230897273472033,0.1422610015174507,0.07995202878273036
傻脸,0.06128909907469782,0.16122913505311076,0.09994003597841296
身旁,0.06077916224468657,0.1707132018209408,0.10993403957625424
身后,0.06026922541467533,0.1801972685887709,0.11992804317409554
家驹,0.06026922541467533,0.1801972685887709,0.11992804317409554
浪费,0.06026922541467533,0.1801972685887709,0.11992804317409554
阿姨,-0.05965881775942022,0.1801972685887709,0.23985608634819108
隔壁,-0.05965881775942022,0.1801972685887709,0.23985608634819108
老哥,-0.05965881775942022,0.1801972685887709,0.23985608634819108
寂寞,0.05853468192225787,0.3983308042488619,0.33979612232660406
嗓音,0.05832994891987408,0.5880121396054627,0.5296821906855887
素质,0.05822947809463032,0.21813353566009103,0.15990405756546072
老铁,0.05822947809463032,0.21813353566009103,0.15990405756546072
钢琴,-0.05608925994934147,0.11380880121396056,0.16989806116330203
giao,-0.05608925994934147,0.11380880121396056,0.16989806116330203
卑微,-0.055988789124097646,0.4836874051593323,0.5396761942834299
十三,-0.05557932311933022,0.1043247344461305,0.15990405756546072
op,0.0554750609421904,0.45523520485584223,0.39976014391365183
成长,0.05516985711456282,0.2750379362670713,0.21986807915250847
小黄人,-0.055069386289318956,0.09484066767830046,0.14991005396761942
马上,0.054659920284551584,0.2845220030349014,0.22986208275034978
南征北战,0.054354716456924024,0.1043247344461305,0.04997001798920648
萧亚轩,0.054354716456924024,0.1043247344461305,0.04997001798920648
光明,0.054354716456924024,0.1043247344461305,0.04997001798920648
少爷,0.054354716456924024,0.1043247344461305,0.04997001798920648
囧菌,0.054354716456924024,0.1043247344461305,0.04997001798920648
患得患失,0.054354716456924024,0.1043247344461305,0.04997001798920648
卧槽,-0.05405330398119252,1.005311077389985,1.0593643813711775
早上好,0.05384477962691278,0.11380880121396056,0.05996402158704777
女团,0.05384477962691278,0.11380880121396056,0.05996402158704777
yo,-0.05353957579928522,0.06638846737481033,0.11992804317409554
眼神,-0.05353957579928522,0.06638846737481033,0.11992804317409554
借口,-0.05353957579928522,0.06638846737481033,0.11992804317409554
求婚,0.05333484279690151,0.12329286798179058,0.06995802518488907
代表,0.05333484279690151,0.12329286798179058,0.06995802518488907
京剧,0.05333484279690151,0.12329286798179058,0.06995802518488907
郑州,0.05333484279690151,0.12329286798179058,0.06995802518488907
除夕,0.05333484279690151,0.12329286798179058,0.06995802518488907
海浪,0.05333484279690151,0.12329286798179058,0.06995802518488907
十八岁,0.05333484279690151,0.12329286798179058,0.06995802518488907
长发,0.05333484279690151,0.12329286798179058,0.06995802518488907
看不见,0.05333484279690151,0.12329286798179058,0.06995802518488907
亲爱,-0.053234371971657674,0.24658573596358116,0.29982010793523883
民族,-0.053029638969273964,0.05690440060698028,0.10993403957625424
王力宏,-0.053029638969273964,0.05690440060698028,0.10993403957625424
gd,-0.053029638969273964,0.05690440060698028,0.10993403957625424
忍住,-0.053029638969273964,0.05690440060698028,0.10993403957625424
许愿,0.052314969136879025,0.1422610015174507,0.08994603238057167
贡献,0.052314969136879025,0.1422610015174507,0.08994603238057167
青峰,0.051805032306867775,0.15174506828528073,0.09994003597841296
小鸡,0.051805032306867775,0.15174506828528073,0.09994003597841296
杭州,0.051805032306867775,0.15174506828528073,0.09994003597841296
回答,0.051805032306867775,0.15174506828528073,0.09994003597841296
消音,0.051295095476856525,0.16122913505311076,0.10993403957625424
国家,-0.051194624651612675,0.208649468892261,0.25984409354387367
nb,0.05078515864684526,0.1707132018209408,0.11992804317409554
地狱,-0.04864494050155644,0.16122913505311076,0.2098740755546672
孙悟空,-0.04864494050155644,0.16122913505311076,0.2098740755546672
苹果,-0.04864494050155644,0.16122913505311076,0.2098740755546672
爱上你,0.04772553766677778,0.22761760242792112,0.17989206476114333
心中,0.04772553766677778,0.22761760242792112,0.17989206476114333
面对,-0.04762506684153391,0.1422610015174507,0.1898860683589846
打雷,-0.04762506684153391,0.1422610015174507,0.1898860683589846
cool,0.04721560083676654,0.23710166919575115,0.1898860683589846
旅行,-0.04711513001152268,0.13277693474962066,0.17989206476114333
得不到,-0.04711513001152268,0.13277693474962066,0.17989206476114333
故乡,-0.04660519318151144,0.12329286798179058,0.16989806116330203
英文版,-0.04609525635150016,0.11380880121396056,0.15990405756546072
听闻,-0.04609525635150016,0.11380880121396056,0.15990405756546072
沉默,-0.045585319521488914,0.1043247344461305,0.14991005396761942
东北,-0.045585319521488914,0.1043247344461305,0.14991005396761942
梁静茹,-0.045585319521488914,0.1043247344461305,0.14991005396761942
剧场版,-0.04507538269147768,0.09484066767830046,0.13991605036977814
脸红,-0.04507538269147768,0.09484066767830046,0.13991605036977814
闺蜜,-0.04507538269147768,0.09484066767830046,0.13991605036977814
莫文蔚,-0.04507538269147768,0.09484066767830046,0.13991605036977814
徐良,-0.04507538269147768,0.09484066767830046,0.13991605036977814
回家,-0.04456923721336262,1.0147951441578147,1.0593643813711775
心脏,-0.04456544586146643,0.0853566009104704,0.12992204677193683
荣耀,-0.04456544586146643,0.0853566009104704,0.12992204677193683
幼稚,-0.04456544586146643,0.0853566009104704,0.12992204677193683
周杰伦,-0.04446497503622252,0.45523520485584223,0.4997001798920647
汽水,0.044360712859082725,0.1043247344461305,0.05996402158704777
dy,0.044360712859082725,0.1043247344461305,0.05996402158704777
雷姆,0.044360712859082725,0.1043247344461305,0.05996402158704777
大话西游,0.044360712859082725,0.1043247344461305,0.05996402158704777
白羊,0.044360712859082725,0.1043247344461305,0.05996402158704777
相声,0.044360712859082725,0.1043247344461305,0.05996402158704777
翅膀,-0.04405550903145518,0.07587253414264036,0.11992804317409554
响指,-0.04405550903145518,0.07587253414264036,0.11992804317409554
遗忘,0.04385077602907148,0.11380880121396056,0.06995802518488907
蜘蛛侠,0.04385077602907148,0.11380880121396056,0.06995802518488907
断眉,0.04385077602907148,0.11380880121396056,0.06995802518488907
打扮,-0.04354557220144392,0.06638846737481033,0.10993403957625424
幸福,0.04342235326482407,5.140364188163884,5.09694183489906
复活,0.04334083919906022,0.12329286798179058,0.07995202878273036
好久不见,0.04334083919906022,0.12329286798179058,0.07995202878273036
小号,0.04334083919906022,0.12329286798179058,0.07995202878273036
坚强,-0.043240368373816424,0.24658573596358116,0.2898261043373976
蔡依林,0.04283090236904898,0.13277693474962066,0.08994603238057167
世上,0.04232096553903773,0.1422610015174507,0.09994003597841296
中国风,0.04232096553903773,0.1422610015174507,0.09994003597841296
下雨天,0.04181102870902648,0.15174506828528073,0.10993403957625424
传奇,0.04079115504900397,0.1707132018209408,0.12992204677193683
短发,0.040281218218992734,0.1801972685887709,0.13991605036977814
高音,0.040281218218992734,0.1801972685887709,0.13991605036977814
勇气,-0.04018074739374887,0.18968133535660092,0.22986208275034978
咖喱,0.03926134455897024,0.19916540212443096,0.15990405756546072
身体,-0.03814100007370387,0.15174506828528073,0.1898860683589846
成熟,-0.03814100007370387,0.15174506828528073,0.1898860683589846
婚礼,-0.037325859416065116,0.3224582701062215,0.35978412952228667
留下,0.03722159723892524,0.23710166919575115,0.19988007195682592
粉色,-0.03712112641368137,0.13277693474962066,0.16989806116330203
舍不得,0.03620172357890274,0.2560698027314112,0.21986807915250847
百合,-0.036101252753658865,0.11380880121396056,0.14991005396761942
悟空,-0.036101252753658865,0.11380880121396056,0.14991005396761942
辛苦,0.03569178674889151,0.2655538694992413,0.22986208275034978
命运,-0.03559131592364764,0.1043247344461305,0.13991605036977814
亲吻,-0.03559131592364764,0.1043247344461305,0.13991605036977814
新娘,-0.03508137909363638,0.09484066767830046,0.12992204677193683
脱单,-0.03508137909363638,0.09484066767830046,0.12992204677193683
张震岳,-0.03508137909363638,0.09484066767830046,0.12992204677193683
学姐,-0.03457144226362514,0.0853566009104704,0.11992804317409554
差不多,-0.03457144226362514,0.0853566009104704,0.11992804317409554
玩家,-0.03457144226362514,0.0853566009104704,0.11992804317409554
位置,-0.03457144226362514,0.0853566009104704,0.11992804317409554
英雄联盟,-0.03457144226362514,0.0853566009104704,0.11992804317409554
忘不掉,0.03436670926124143,0.1043247344461305,0.06995802518488907
参加,0.03436670926124143,0.1043247344461305,0.06995802518488907
星爷,0.03436670926124143,0.1043247344461305,0.06995802518488907
杯酒,-0.03406150543361388,0.07587253414264036,0.10993403957625424
李克勤,-0.03406150543361388,0.07587253414264036,0.10993403957625424
方言,0.03385677243123019,0.11380880121396056,0.07995202878273036
女王,0.03385677243123019,0.11380880121396056,0.07995202878273036
小猪,0.03385677243123019,0.11380880121396056,0.07995202878273036
复习,0.03385677243123019,0.11380880121396056,0.07995202878273036
房间,0.03334683560121892,0.12329286798179058,0.08994603238057167
热门,0.03334683560121892,0.12329286798179058,0.08994603238057167
家乡,0.0328368987712077,0.13277693474962066,0.09994003597841296
女主,0.0328368987712077,0.13277693474962066,0.09994003597841296
trap,0.032632165768823954,0.3224582701062215,0.2898261043373976
森林,0.031817025111185185,0.15174506828528073,0.11992804317409554
完美,0.03161229210880148,0.3414264036418816,0.30981411153308014
可乐,0.03079715145116267,0.1707132018209408,0.13991605036977814
仙女,0.03028721462115146,0.1801972685887709,0.14991005396761942
小朋友,-0.030186743795907568,0.18968133535660092,0.21986807915250847
狐狸,-0.029166870135885096,0.1707132018209408,0.19988007195682592
基佬,0.028757404131117673,0.208649468892261,0.17989206476114333
侵权,0.028757404131117673,0.208649468892261,0.17989206476114333
aimer,-0.028656933305873832,0.16122913505311076,0.1898860683589846
流浪,-0.028656933305873832,0.16122913505311076,0.1898860683589846
幸运,-0.028351729478246282,0.3414264036418816,0.3697781331201279
爆炸,-0.028146996475862596,0.15174506828528073,0.17989206476114333
小哥,-0.027637059645851333,0.1422610015174507,0.16989806116330203
男友,-0.027637059645851333,0.1422610015174507,0.16989806116330203
保护,0.027227593641083937,0.23710166919575115,0.2098740755546672
辜负,-0.027127122815840073,0.13277693474962066,0.15990405756546072
地铁,-0.026617185985828837,0.12329286798179058,0.14991005396761942
深圳,-0.026617185985828837,0.12329286798179058,0.14991005396761942
广东,0.026207719981061438,0.2560698027314112,0.22986208275034978
没想到,-0.026107249155817587,0.11380880121396056,0.13991605036977814
风景,-0.025597312325806337,0.1043247344461305,0.12992204677193683
国漫,-0.025087375495795088,0.09484066767830046,0.11992804317409554
三千,-0.025087375495795088,0.09484066767830046,0.11992804317409554
黑暗,0.024677909491027702,0.2845220030349014,0.25984409354387367
矫情,-0.024577438665783838,0.0853566009104704,0.10993403957625424
教官,-0.024577438665783838,0.0853566009104704,0.10993403957625424
套路,-0.024577438665783838,0.0853566009104704,0.10993403957625424
热情,-0.024577438665783838,0.0853566009104704,0.10993403957625424
学长,-0.024577438665783838,0.0853566009104704,0.10993403957625424
漫威,0.02437270566340014,0.1043247344461305,0.07995202878273036
pdd,0.02437270566340014,0.1043247344461305,0.07995202878273036
弄丢,0.02437270566340014,0.1043247344461305,0.07995202878273036
甜蜜,0.02437270566340014,0.1043247344461305,0.07995202878273036
念白,0.02437270566340014,0.1043247344461305,0.07995202878273036
美丽,0.024167972661016415,0.29400606980273136,0.26983809714171497
窗外,0.02386276883338889,0.11380880121396056,0.08994603238057167
快点,0.02386276883338889,0.11380880121396056,0.08994603238057167
小仙女,0.02386276883338889,0.11380880121396056,0.08994603238057167
欣赏,0.02386276883338889,0.11380880121396056,0.08994603238057167
上海,0.02365803583100518,0.30349013657056145,0.2798321007395563
中文版,0.02335283200337763,0.12329286798179058,0.09994003597841296
黄昏,0.02335283200337763,0.12329286798179058,0.09994003597841296
剩下,0.022842895173366407,0.13277693474962066,0.10993403957625424
老王,0.022842895173366407,0.13277693474962066,0.10993403957625424
好不好,-0.022742424348122525,0.23710166919575115,0.25984409354387367
作品,-0.022742424348122525,0.23710166919575115,0.25984409354387367
善良,-0.022742424348122525,0.23710166919575115,0.25984409354387367
lisa,0.022332958343355143,0.1422610015174507,0.11992804317409554
无所谓,0.022332958343355143,0.1422610015174507,0.11992804317409554
红色,0.021823021513343893,0.15174506828528073,0.12992204677193683
作词,0.021823021513343893,0.15174506828528073,0.12992204677193683
靠近,-0.021722550688100053,0.21813353566009103,0.23985608634819108
live,0.02131308468333263,0.16122913505311076,0.13991605036977814
干净,0.02131308468333263,0.16122913505311076,0.13991605036977814
印度,-0.02070267702807753,0.19916540212443096,0.21986807915250847
杰伦,0.020293211023310158,0.1801972685887709,0.15990405756546072
扎心,0.020293211023310158,0.1801972685887709,0.15990405756546072
樱花,-0.020192740198066293,0.18968133535660092,0.2098740755546672
地球,-0.020192740198066293,0.18968133535660092,0.2098740755546672
宇宙,-0.01988753637043874,0.36987860394537175,0.3897661403158105
毕业,-0.018666721059928428,1.0906676783004554,1.1093343993603837
难听,-0.018662929708032558,0.16122913505311076,0.17989206476114333
可怕,0.018253463703265135,0.21813353566009103,0.19988007195682592
珍惜,0.018149201526125286,0.7776934749620636,0.7595442734359384
心跳,-0.01764305604801003,0.1422610015174507,0.15990405756546072
伦桑,-0.017133119217998767,0.13277693474962066,0.14991005396761942
三观,-0.01662318238798756,0.12329286798179058,0.13991605036977814
凤凰,-0.01662318238798756,0.12329286798179058,0.13991605036977814
听懂,-0.01631797856035998,0.30349013657056145,0.31980811513092144
闵玧,-0.01611324555797628,0.11380880121396056,0.12992204677193683
学生,-0.01611324555797628,0.11380880121396056,0.12992204677193683
现场版,-0.01611324555797628,0.11380880121396056,0.12992204677193683
简单,0.016008983380836422,0.44575113808801214,0.4297421547071757
原作者,-0.015603308727965047,0.1043247344461305,0.11992804317409554
假装,-0.015603308727965047,0.1043247344461305,0.11992804317409554
五十,-0.015603308727965047,0.1043247344461305,0.11992804317409554
骑士,-0.015603308727965047,0.1043247344461305,0.11992804317409554
戏腔,0.015193842723197636,0.2750379362670713,0.25984409354387367
麻烦,-0.015093371897953784,0.09484066767830046,0.10993403957625424
照亮,0.014378702065558836,0.1043247344461305,0.08994603238057167
潘玮柏,0.014378702065558836,0.1043247344461305,0.08994603238057167
柠檬,0.014378702065558836,0.1043247344461305,0.08994603238057167
清风,0.014378702065558836,0.1043247344461305,0.08994603238057167
合肥,0.014378702065558836,0.1043247344461305,0.08994603238057167
珍贵,0.0138687652355476,0.11380880121396056,0.09994003597841296
徐梦圆,0.0138687652355476,0.11380880121396056,0.09994003597841296
重温,0.0138687652355476,0.11380880121396056,0.09994003597841296
头发,0.013664032233163875,0.30349013657056145,0.2898261043373976
独自,0.013358828405536337,0.12329286798179058,0.10993403957625424
忘羡,0.013358828405536337,0.12329286798179058,0.10993403957625424
忘不了,-0.013258357580292512,0.24658573596358116,0.25984409354387367
生命,0.012949362400768955,0.5026555386949925,0.48970617629422347
关心,0.012848891575525101,0.13277693474962066,0.11992804317409554
举手,0.012848891575525101,0.13277693474962066,0.11992804317409554
李白,0.012848891575525101,0.13277693474962066,0.11992804317409554
疫情,-0.012748420750281222,0.23710166919575115,0.24985008994603236
公司,0.012338954745513851,0.1422610015174507,0.12992204677193683
太棒了,0.012338954745513851,0.1422610015174507,0.12992204677193683
电话,0.012134221743130167,0.3319423368740516,0.31980811513092144
手牵手,0.011319081085491354,0.16122913505311076,0.14991005396761942
作曲,-0.010913406432619963,0.3888467374810318,0.39976014391365183
神曲,-0.010913406432619963,0.3888467374810318,0.39976014391365183
小天使,0.01080914425548009,0.1707132018209408,0.15990405756546072
情侣,-0.010708673430236251,0.19916540212443096,0.2098740755546672
微笑,-0.010708673430236251,0.19916540212443096,0.2098740755546672
女友,0.010299207425468854,0.1801972685887709,0.16989806116330203
秘密,-0.009688799770213726,0.1801972685887709,0.1898860683589846
猴子,-0.008668926110191254,0.16122913505311076,0.16989806116330203
信仰,0.007749523275412621,0.22761760242792112,0.21986807915250847
嘴唇,0.007749523275412621,0.22761760242792112,0.21986807915250847
cp,0.007749523275412621,0.22761760242792112,0.21986807915250847
林忆莲,-0.007649052450168728,0.1422610015174507,0.14991005396761942
遥远,-0.007139115620157492,0.13277693474962066,0.13991605036977814
老林,-0.006629178790146256,0.12329286798179058,0.12992204677193683
爸妈,-0.006629178790146256,0.12329286798179058,0.12992204677193683
小孩,-0.006629178790146256,0.12329286798179058,0.12992204677193683
电台,-0.006323974962518677,0.30349013657056145,0.30981411153308014
小丑,-0.006119241960134993,0.11380880121396056,0.11992804317409554
mv,0.00580266407681964,2.494309559939302,2.4885068958624825
富贵,-0.005609305130123744,0.1043247344461305,0.10993403957625424
熊猫,-0.005609305130123744,0.1043247344461305,0.10993403957625424
云南,0.004384698467717546,0.1043247344461305,0.09994003597841296
奇迹,0.004384698467717546,0.1043247344461305,0.09994003597841296
友军,0.004384698467717546,0.1043247344461305,0.09994003597841296
尴尬,0.004384698467717546,0.1043247344461305,0.09994003597841296
拜托,0.004384698467717546,0.1043247344461305,0.09994003597841296
closer,0.0038747616377063105,0.11380880121396056,0.10993403957625424
桃花,0.003364824807695034,0.12329286798179058,0.11992804317409554
走错,0.003364824807695034,0.12329286798179058,0.11992804317409554
bilibili,0.003364824807695034,0.12329286798179058,0.11992804317409554
深情,0.00316009180531139,0.31297420333839154,0.30981411153308014
钻石,-0.002959150154823657,0.4267830045523521,0.4297421547071757
相见,0.002854887977683812,0.13277693474962066,0.12992204677193683
魔性,0.0026501549753001,0.3224582701062215,0.31980811513092144
异地,0.0023449511476725487,0.1422610015174507,0.13991605036977814
发生,0.0023449511476725487,0.1422610015174507,0.13991605036977814
烦恼,0.0018350143176613129,0.15174506828528073,0.14991005396761942
异地恋,0.0018350143176613129,0.15174506828528073,0.14991005396761942
唢呐,0.0018350143176613129,0.15174506828528073,0.14991005396761942
比伯,-0.0017345434924174465,0.21813353566009103,0.21986807915250847
打扰,0.001630281315277574,0.3414264036418816,0.33979612232660406
声线,0.00132507748765005,0.16122913505311076,0.15990405756546072
数学,-0.0012246066624062107,0.208649468892261,0.2098740755546672
baby,0.000815140657638787,0.1707132018209408,0.16989806116330203
眼中,-0.0007146698323949477,0.19916540212443096,0.19988007195682592
