,center_text,b_size
0,抖音,244
1,抖音,870
2,抖音,883
3,抖音,354
4,抖音,505
5,抖音,280
6,抖音,301
7,抖音,253
8,抖音,210
9,抖音,305
10,抖音,258
11,抖音,202
12,抖音,234
13,抖音,301
14,抖音,1075
15,抖音,202
16,抖音,317
17,抖音,1860
18,抖音,201
19,抖音,438
20,抖音,258
21,抖音,2105
22,抖音,214
23,抖音,476
24,抖音,386
25,抖音,319
26,抖音,1416
27,抖音,374
28,抖音,364
29,抖音,273
30,抖音,294
31,抖音,245
32,抖音,686
33,抖音,294
34,抖音,688
35,抖音,401
36,抖音,1095
37,抖音,204
38,抖音,344
39,抖音,256
40,抖音,365
41,抖音,278
42,抖音,592
43,抖音,269
44,抖音,479
45,抖音,329
46,抖音,219
47,抖音,592
48,抖音,236
49,抖音,354
50,抖音,427
51,抖音,325
52,抖音,601
53,抖音,695
54,抖音,221
55,抖音,271
56,抖音,215
57,抖音,319
58,抖音,207
59,抖音,264
60,抖音,272
61,抖音,1057
62,抖音,233
63,抖音,379
64,抖音,248
65,抖音,639
66,抖音,231
67,抖音,249
68,抖音,719
69,抖音,250
70,抖音,473
71,抖音,2037
72,抖音,296
73,抖音,295
74,抖音,338
75,抖音,231
76,抖音,562
77,抖音,459
78,抖音,220
79,抖音,201
80,抖音,236
81,抖音,228
82,抖音,234
83,抖音,334
84,抖音,265
85,抖音,836
86,抖音,340
87,抖音,221
88,抖音,708
89,抖音,682
90,抖音,209
91,抖音,253
92,抖音,389
93,抖音,293
94,抖音,239
95,抖音,323
96,抖音,240
97,抖音,644
98,抖音,220
99,抖音,351
100,抖音,683
101,抖音,312
102,抖音,429
103,抖音,207
104,抖音,247
105,抖音,213
106,抖音,848
107,抖音,450
108,抖音,288
109,抖音,1275
110,抖音,464
111,抖音,849
112,抖音,2534
113,抖音,251
114,抖音,638
115,抖音,285
116,抖音,214
117,抖音,316
118,抖音,256
119,抖音,250
120,抖音,429
121,抖音,464
122,抖音,318
123,抖音,285
124,抖音,267
125,抖音,251
126,抖音,449
127,抖音,441
128,抖音,296
129,抖音,334
130,抖音,286
131,抖音,1113
132,抖音,262
133,抖音,214
134,抖音,842
135,抖音,379
136,抖音,652
137,抖音,903
138,抖音,387
139,抖音,683
140,抖音,328
141,抖音,218
142,抖音,395
143,抖音,248
144,抖音,220
145,抖音,255
146,抖音,272
147,抖音,1757
148,抖音,1151
149,抖音,750
150,抖音,478
151,抖音,266
152,抖音,320
153,抖音,279
154,抖音,205
155,抖音,202
156,抖音,262
157,抖音,954
158,抖音,282
159,抖音,476
160,抖音,425
161,抖音,240
162,抖音,337
163,抖音,232
164,抖音,235
165,抖音,366
166,抖音,290
167,抖音,235
168,抖音,395
169,抖音,321
170,抖音,363
171,抖音,358
172,抖音,232
173,抖音,222
174,抖音,219
175,抖音,274
176,抖音,506
177,抖音,231
178,抖音,566
179,抖音,283
180,抖音,256
181,抖音,338
182,抖音,201
183,抖音,332
184,抖音,761
185,抖音,264
186,抖音,497
187,抖音,201
188,抖音,260
189,抖音,251
190,抖音,406
191,抖音,279
192,抖音,215
193,抖音,309
194,抖音,230
195,抖音,331
196,抖音,638
197,抖音,219
198,抖音,258
199,抖音,246
200,抖音,489
201,抖音,2659
202,抖音,1062
203,抖音,201
204,抖音,539
205,抖音,618
206,抖音,474
207,抖音,228
208,抖音,967
209,抖音,494
210,抖音,266
211,抖音,372
212,抖音,1464
213,抖音,504
214,抖音,664
215,抖音,421
216,抖音,282
217,抖音,219
218,抖音,424
219,抖音,433
220,抖音,418
221,抖音,215
222,抖音,219
223,抖音,488
224,抖音,209
225,抖音,210
226,抖音,379
227,抖音,259
228,抖音,212
229,抖音,240
230,抖音,230
231,抖音,251
232,抖音,696
233,抖音,461
234,抖音,387
235,抖音,201
236,抖音,473
237,抖音,1271
238,抖音,1332
239,抖音,835
240,抖音,288
241,抖音,215
242,抖音,559
243,抖音,204
244,抖音,266
245,抖音,255
246,抖音,204
247,抖音,646
248,抖音,303
249,抖音,631
250,抖音,292
251,抖音,341
252,抖音,314
253,抖音,247
254,抖音,232
255,抖音,392
256,抖音,464
257,抖音,919
258,抖音,703
259,抖音,440
260,抖音,337
261,抖音,223
262,抖音,259
263,抖音,1148
264,抖音,276
265,抖音,240
266,抖音,330
267,抖音,213
268,抖音,316
269,抖音,488
270,抖音,522
271,抖音,270
272,抖音,291
273,抖音,1173
274,抖音,234
275,抖音,404
276,抖音,243
277,抖音,1183
278,抖音,203
279,抖音,226
280,抖音,1072
281,抖音,469
282,抖音,398
283,抖音,429
284,抖音,242
285,抖音,261
286,抖音,253
287,抖音,211
288,抖音,220
289,抖音,279
290,抖音,1066
291,抖音,245
292,抖音,300
293,抖音,281
294,抖音,409
295,抖音,452
296,抖音,472
297,抖音,506
298,抖音,204
299,抖音,296
300,抖音,241
301,抖音,210
302,抖音,310
303,抖音,233
304,抖音,527
305,抖音,347
306,抖音,522
307,抖音,246
308,抖音,382
309,抖音,559
310,抖音,400
311,抖音,376
312,抖音,363
313,抖音,445
314,抖音,206
315,抖音,642
316,抖音,475
317,抖音,394
318,电影,217
319,电影,476
320,电影,343
321,电影,411
322,电影,223
323,电影,210
324,电影,452
325,电影,392
326,电影,546
327,电影,222
328,电影,649
329,电影,218
330,电影,1481
331,电影,470
332,电影,251
333,电影,298
334,电影,208
335,电影,449
336,电影,5046
337,电影,1069
338,电影,747
339,电影,235
340,电影,528
341,电影,289
342,电影,202
343,电影,379
344,电影,356
345,电影,543
346,电影,265
347,电影,304
348,电影,235
349,电影,425
350,电影,229
351,电影,375
352,电影,1879
353,电影,783
354,电影,979
355,电影,379
356,电影,210
357,电影,228
358,电影,590
359,电影,2825
360,电影,801
361,电影,1072
362,电影,1259
363,电影,693
364,电影,344
365,电影,242
366,电影,321
367,电影,1166
368,电影,263
369,电影,218
370,电影,1196
371,电影,324
372,电影,236
373,电影,356
374,电影,205
375,电影,1148
376,电影,485
377,电影,228
378,电影,327
379,电影,210
380,电影,240
381,电影,367
382,电影,280
383,电影,221
384,电影,277
385,电影,247
386,电影,220
387,电影,252
388,电影,232
389,电影,323
390,电影,233
391,电影,218
392,电影,526
393,电影,202
394,电影,201
395,电影,203
396,电影,327
397,电影,324
398,电影,264
399,电影,229
400,电影,247
401,电影,423
402,电影,364
403,电影,1430
404,电影,476
405,电影,324
406,电影,2323
407,电影,436
408,电影,219
409,电影,279
410,电影,361
411,电影,305
412,电影,349
413,电影,207
414,电影,237
415,电影,217
416,电影,266
417,电影,243
418,电影,289
419,电影,266
420,电影,429
421,电影,665
422,电影,301
423,电影,245
424,电影,268
425,电影,549
426,电影,335
427,电影,592
428,电影,220
429,电影,319
430,电影,305
431,电影,304
432,电影,406
433,电影,234
434,电影,581
435,电影,242
436,电影,335
437,电影,711
438,电影,471
439,电影,288
440,电影,300
441,电影,276
442,电影,321
443,电影,212
444,电影,471
445,电影,351
446,电影,812
447,电影,215
448,电影,838
449,电影,236
450,电影,410
451,电影,213
452,电影,216
453,电影,236
454,电影,232
455,电影,536
456,电影,215
457,电影,207
458,电影,233
459,电影,255
460,电影,4156
461,电影,263
462,电影,2610
463,电影,541
464,电影,254
465,电影,280
466,电影,280
467,电影,4825
468,电影,1145
469,电影,203
470,电影,205
471,电影,457
472,电影,997
473,电影,275
474,电影,223
475,电影,1042
476,电影,297
477,电影,1721
478,电影,225
479,电影,257
480,电影,1144
481,电影,245
482,电影,978
483,电影,214
484,电影,242
485,电影,559
486,电影,429
487,电影,283
488,电影,416
489,电影,521
490,电影,397
491,电影,740
492,电影,295
493,电影,826
494,电影,257
495,电影,215
496,电影,787
497,电影,550
498,电影,452
499,电影,254
500,电影,3724
501,电影,448
502,电影,562
503,电影,367
504,电影,788
505,电影,1051
506,电影,546
507,电影,213
508,电影,680
509,电影,264
510,电影,239
511,电影,496
512,电影,203
513,电影,260
514,电影,410
515,电影,1209
516,电影,223
517,电影,356
518,电影,1256
519,电影,204
520,电影,1109
521,电影,972
522,电影,223
523,电影,319
524,电影,479
525,电影,259
526,电影,806
527,电影,218
528,电影,638
529,电影,205
530,电影,248
531,电影,1545
532,电影,238
533,电影,286
534,电影,707
535,电影,403
536,电影,285
537,电影,231
538,电影,246
539,电影,364
540,电影,435
541,电影,501
542,电影,331
543,电影,358
544,电影,2392
545,电影,353
546,电影,596
547,电影,479
548,电影,485
549,电影,685
550,电影,266
551,电影,299
552,电影,326
553,电影,286
554,电影,347
555,电影,409
556,电影,780
557,电影,251
558,电影,227
559,电影,471
560,电影,395
561,电影,315
562,电影,1756
563,电影,498
564,电影,1357
565,电影,311
566,电影,1144
567,电影,652
568,电影,394
569,rip,571
570,rip,208
571,rip,686
572,rip,373
573,rip,317
574,rip,393
575,rip,301
576,rip,775
577,rip,418
578,rip,481
579,rip,216
580,rip,1033
581,rip,398
582,rip,589
583,rip,207
584,rip,626
585,rip,2404
586,rip,2906
587,rip,238
588,rip,218
589,rip,218
590,rip,3037
591,rip,3037
592,rip,523
593,rip,333
594,rip,430
595,rip,5909
596,rip,613
597,rip,224
598,rip,531
599,rip,349
600,rip,331
601,rip,233
602,rip,734
603,rip,360
604,rip,509
605,rip,431
606,rip,1316
607,rip,351
608,rip,214
609,rip,335
610,rip,2269
611,rip,1173
612,rip,1216
613,rip,1506
614,rip,312
615,rip,312
616,rip,376
617,rip,280
618,rip,1219
619,rip,1072
620,rip,254
621,rip,1146
622,rip,4744
623,rip,657
624,rip,1185
625,rip,252
626,rip,872
627,rip,238
628,rip,364
629,rip,355
630,rip,1004
631,rip,326
632,rip,1517
633,rip,430
634,rip,588
635,rip,615
636,rip,233
637,rip,16932
638,rip,16932
639,rip,240
640,rip,1925
641,rip,286
642,rip,1293
643,rip,1291
644,rip,1291
645,rip,311
646,rip,204
647,rip,666
648,rip,666
649,rip,1043
650,rip,1519
651,rip,563
652,rip,310
653,rip,221
654,rip,285
655,rip,220
656,rip,696
657,rip,696
658,rip,226
659,rip,226
660,rip,299
661,rip,3011
662,rip,359
663,rip,359
664,rip,3607
665,rip,3607
666,rip,836
667,rip,222
668,rip,1639
669,rip,256
670,rip,755
671,rip,248
672,rip,302
673,rip,276
674,rip,874
675,rip,874
676,rip,200
677,rip,5781
678,rip,5781
679,rip,602
680,rip,379
681,rip,483
682,rip,7645
683,rip,385
684,rip,678
685,rip,210
686,rip,300
687,rip,961
688,rip,1451
689,rip,6650
690,rip,229
691,rip,242
692,rip,584
693,rip,203
694,rip,464
695,rip,1179
696,rip,3578
697,rip,310
698,rip,1362
699,rip,29493
700,rip,487
701,rip,386
702,rip,395
703,rip,3437
704,rip,8119
705,rip,12066
706,rip,215
707,rip,2971
708,rip,226
709,rip,13373
710,rip,9923
711,rip,213
712,rip,830
713,rip,285
714,rip,735
715,rip,214
716,rip,5392
717,rip,539
718,rip,212
719,rip,260
720,rip,4728
721,rip,301
722,rip,290
723,rip,892
724,rip,892
725,rip,6847
726,rip,6847
727,rip,396
728,rip,514
729,rip,514
730,rip,476
731,rip,443
732,rip,9775
733,rip,9775
734,rip,275
735,rip,2462
736,rip,271
737,rip,2146
738,rip,395
739,rip,395
740,rip,395
741,rip,5922
742,rip,551
743,rip,369
744,rip,687
745,rip,891
746,rip,813
747,rip,859
748,rip,1078
749,rip,473
750,rip,1069
751,rip,499
752,rip,1232
753,rip,878
754,rip,580
755,rip,654
756,rip,277
757,rip,282
758,rip,362
759,rip,489
760,rip,301
761,rip,252
762,rip,206
763,rip,446
764,rip,2452
765,rip,374
766,rip,236
767,rip,6855
768,rip,784
769,rip,602
770,rip,725
771,rip,1388
772,rip,562
773,rip,462
774,rip,583
775,rip,230
776,rip,564
777,rip,519
778,rip,434
779,rip,449
780,rip,2689
781,rip,1238
782,rip,847
783,rip,201
784,rip,1259
785,rip,1259
786,rip,659
787,rip,242
788,rip,367
789,rip,5696
790,rip,5696
791,rip,250
792,rip,296
793,rip,296
794,rip,5180
795,rip,5180
796,rip,296
797,rip,296
798,高考,619
799,高考,919
800,高考,231
801,高考,245
802,高考,226
803,高考,423
804,高考,202
805,高考,285
806,高考,280
807,高考,201
808,高考,380
809,高考,219
810,高考,267
811,高考,293
812,高考,974
813,高考,627
814,高考,451
815,高考,397
816,高考,217
817,高考,252
818,高考,440
819,高考,207
820,高考,260
821,高考,391
822,高考,202
823,高考,375
824,高考,256
825,高考,432
826,高考,370
827,高考,849
828,高考,1551
829,高考,336
830,高考,996
831,高考,301
832,高考,212
833,高考,1139
834,高考,551
835,高考,461
836,高考,244
837,高考,231
838,高考,279
839,高考,218
840,高考,212
841,高考,240
842,高考,655
843,高考,229
844,高考,281
845,高考,1065
846,高考,348
847,高考,308
848,高考,2184
849,高考,219
850,高考,300
851,高考,230
852,高考,840
853,高考,230
854,高考,375
855,高考,379
856,高考,217
857,高考,264
858,高考,302
859,高考,313
860,高考,402
861,高考,336
862,高考,224
863,高考,404
864,高考,752
865,高考,512
866,高考,1422
867,高考,295
868,高考,258
869,高考,253
870,高考,472
871,高考,505
872,高考,207
873,高考,596
874,高考,471
875,高考,1106
876,高考,600
877,高考,240
878,高考,345
879,高考,227
880,高考,412
881,高考,214
882,高考,251
883,高考,246
884,高考,235
885,高考,311
886,高考,209
887,高考,245
888,高考,595
889,高考,239
890,高考,276
891,高考,334
892,高考,245
893,高考,245
894,高考,257
895,高考,201
896,高考,293
897,高考,223
898,高考,253
899,高考,654
900,高考,218
901,高考,239
902,高考,217
903,高考,334
904,高考,437
905,高考,444
906,高考,337
907,高考,300
908,高考,234
909,高考,236
910,高考,1003
911,高考,245
912,高考,690
913,高考,451
914,高考,219
915,高考,310
916,高考,529
917,高考,203
918,高考,391
919,高考,825
920,高考,3134
921,高考,263
922,高考,596
923,高考,231
924,高考,226
925,高考,209
926,高考,226
927,高考,316
928,高考,526
929,高考,223
930,高考,381
931,高考,208
932,高考,205
933,高考,432
934,高考,257
935,高考,257
936,高考,210
937,高考,309
938,高考,290
939,高考,849
940,高考,425
941,高考,288
942,高考,202
943,高考,605
944,高考,512
945,高考,289
946,高考,346
947,高考,219
948,高考,367
949,高考,1110
950,高考,223
951,高考,203
952,高考,201
953,高考,295
954,高考,229
955,高考,254
956,高考,239
957,高考,251
958,高考,546
959,高考,203
960,高考,232
961,高考,212
962,高考,244
963,高考,240
964,高考,271
965,高考,285
966,高考,509
967,高考,207
968,高考,525
969,高考,530
970,高考,200
971,高考,362
972,高考,213
973,高考,241
974,高考,230
975,高考,225
976,高考,241
977,高考,203
978,高考,215
979,高考,252
980,高考,210
981,高考,230
982,高考,1032
983,高考,494
984,高考,412
985,高考,775
986,高考,647
987,高考,205
988,高考,592
989,高考,406
990,高考,315
991,高考,204
992,高考,231
993,高考,3939
994,高考,285
995,高考,215
996,高考,717
997,高考,343
998,高考,584
999,高考,1143
1000,高考,435
1001,高考,311
1002,高考,423
1003,高考,1155
1004,高考,601
1005,高考,484
1006,高考,291
1007,高考,235
1008,高考,254
1009,高考,308
1010,高考,597
1011,情人节,257
1012,情人节,337
1013,情人节,286
1014,情人节,238
1015,情人节,245
1016,情人节,903
1017,情人节,803
1018,情人节,286
1019,情人节,520
1020,情人节,277
1021,情人节,378
1022,情人节,209
1023,情人节,262
1024,情人节,384
1025,情人节,945
1026,情人节,260
1027,情人节,426
1028,情人节,209
1029,情人节,545
1030,情人节,371
1031,情人节,296
1032,情人节,337
1033,情人节,356
1034,情人节,315
1035,情人节,303
1036,情人节,453
1037,情人节,727
1038,情人节,436
1039,情人节,572
1040,情人节,450
1041,情人节,442
1042,情人节,889
1043,情人节,1044
1044,情人节,2408
1045,情人节,1137
1046,情人节,225
1047,情人节,1167
1048,情人节,602
1049,情人节,210
1050,情人节,1118
1051,情人节,1186
1052,情人节,209
1053,情人节,636
1054,情人节,247
1055,情人节,236
1056,情人节,242
1057,情人节,501
1058,情人节,234
1059,情人节,224
1060,情人节,526
1061,情人节,684
1062,情人节,238
1063,情人节,269
1064,情人节,206
1065,情人节,494
1066,情人节,474
1067,情人节,793
1068,情人节,272
1069,情人节,230
1070,情人节,213
1071,情人节,1209
1072,情人节,1084
1073,情人节,313
1074,情人节,3718
1075,情人节,2138
1076,情人节,493
1077,情人节,255
1078,情人节,218
1079,情人节,455
1080,情人节,240
1081,情人节,207
1082,情人节,511
1083,情人节,937
1084,情人节,220
1085,情人节,1004
1086,情人节,229
1087,情人节,217
1088,情人节,281
1089,情人节,265
1090,情人节,588
1091,情人节,525
1092,情人节,255
1093,情人节,263
1094,情人节,424
1095,情人节,1137
1096,情人节,1204
1097,情人节,769
1098,情人节,1427
1099,情人节,622
1100,情人节,1245
1101,情人节,301
1102,情人节,486
1103,情人节,242
1104,情人节,209
1105,情人节,242
1106,情人节,372
1107,情人节,316
1108,情人节,418
1109,情人节,376
1110,情人节,436
1111,情人节,249
1112,情人节,632
1113,情人节,210
1114,情人节,217
1115,情人节,1642
1116,情人节,4108
1117,情人节,5281
1118,情人节,7087
1119,情人节,293
1120,情人节,459
1121,情人节,225
1122,情人节,226
1123,情人节,405
1124,情人节,348
1125,情人节,246
1126,情人节,355
1127,情人节,1093
1128,情人节,1795
1129,情人节,2268
1130,情人节,2782
1131,情人节,699
1132,情人节,283
1133,情人节,276
1134,情人节,580
1135,情人节,231
1136,情人节,245
1137,情人节,221
1138,情人节,286
1139,情人节,268
1140,情人节,220
1141,情人节,1172
1142,情人节,214
1143,情人节,300
1144,情人节,597
1145,情人节,945
1146,情人节,263
1147,情人节,232
1148,情人节,508
1149,情人节,422
1150,情人节,376
1151,情人节,211
1152,情人节,278
1153,情人节,369
1154,情人节,232
1155,情人节,268
1156,情人节,763
1157,情人节,629
1158,情人节,240
1159,情人节,238
1160,情人节,260
1161,情人节,424
1162,情人节,1721
1163,情人节,370
1164,情人节,765
1165,情人节,559
1166,情人节,365
1167,情人节,280
1168,情人节,829
1169,情人节,231
1170,情人节,249
1171,情人节,349
1172,情人节,206
1173,情人节,380
1174,情人节,208
1175,情人节,382
1176,情人节,299
1177,情人节,525
1178,情人节,580
1179,情人节,875
1180,情人节,437
1181,情人节,255
1182,情人节,558
1183,情人节,219
1184,情人节,285
1185,情人节,396
1186,情人节,210
1187,情人节,235
1188,情人节,248
1189,情人节,1332
1190,情人节,310
1191,情人节,246
1192,情人节,242
1193,情人节,289
1194,情人节,287
1195,情人节,514
1196,情人节,297
1197,情人节,486
1198,情人节,249
1199,情人节,404
1200,情人节,238
1201,情人节,283
1202,情人节,212
1203,情人节,244
1204,情人节,233
1205,情人节,235
1206,情人节,523
1207,情人节,206
1208,情人节,225
1209,情人节,241
1210,情人节,491
1211,情人节,223
1212,情人节,240
1213,情人节,1324
1214,情人节,764
1215,情人节,215
1216,情人节,1289
1217,情人节,2121
1218,情人节,374
1219,情人节,366
1220,情人节,1273
1221,情人节,250
1222,情人节,210
1223,原唱,870
1224,原唱,325
1225,原唱,316
1226,原唱,539
1227,原唱,648
1228,原唱,311
1229,原唱,241
1230,原唱,280
1231,原唱,830
1232,原唱,371
1233,原唱,210
1234,原唱,214
1235,原唱,742
1236,原唱,207
1237,原唱,427
1238,原唱,377
1239,原唱,468
1240,原唱,332
1241,原唱,248
1242,原唱,597
1243,原唱,294
1244,原唱,254
1245,原唱,415
1246,原唱,415
1247,原唱,313
1248,原唱,289
1249,原唱,209
1250,原唱,243
1251,原唱,460
1252,原唱,500
1253,原唱,234
1254,原唱,229
1255,原唱,366
1256,原唱,254
1257,原唱,258
1258,原唱,208
1259,原唱,221
1260,原唱,258
1261,原唱,310
1262,原唱,258
1263,原唱,256
1264,原唱,229
1265,原唱,817
1266,原唱,208
1267,原唱,215
1268,原唱,256
1269,原唱,227
1270,原唱,311
1271,原唱,617
1272,原唱,783
1273,原唱,265
1274,原唱,250
1275,原唱,244
1276,原唱,231
1277,原唱,216
1278,原唱,238
1279,原唱,221
1280,原唱,1365
1281,原唱,1506
1282,原唱,912
1283,原唱,325
1284,原唱,209
1285,原唱,243
1286,原唱,2239
1287,原唱,320
1288,原唱,821
1289,原唱,266
1290,原唱,591
1291,原唱,286
1292,原唱,222
1293,原唱,307
1294,原唱,200
1295,原唱,313
1296,原唱,263
1297,原唱,683
1298,原唱,792
1299,原唱,238
1300,原唱,236
1301,原唱,277
1302,原唱,667
1303,原唱,778
1304,原唱,483
1305,原唱,279
1306,原唱,234
1307,原唱,201
1308,原唱,204
1309,原唱,323
1310,原唱,257
1311,原唱,285
1312,原唱,219
1313,原唱,342
1314,原唱,336
1315,原唱,377
1316,原唱,311
1317,原唱,618
1318,原唱,1592
1319,原唱,369
1320,原唱,336
1321,原唱,806
1322,原唱,860
1323,原唱,244
1324,原唱,274
1325,原唱,419
1326,原唱,246
1327,原唱,216
1328,原唱,231
1329,原唱,512
1330,原唱,475
1331,原唱,339
1332,原唱,300
1333,原唱,276
1334,原唱,301
1335,原唱,262
1336,原唱,282
1337,原唱,395
1338,原唱,488
1339,原唱,478
1340,原唱,663
1341,原唱,836
1342,原唱,730
1343,原唱,419
1344,原唱,334
1345,原唱,409
1346,原唱,442
1347,原唱,408
1348,原唱,260
1349,原唱,214
1350,原唱,222
1351,原唱,282
1352,原唱,1043
1353,原唱,694
1354,原唱,219
1355,原唱,245
1356,原唱,901
1357,原唱,247
1358,原唱,210
1359,原唱,410
1360,原唱,643
1361,原唱,509
1362,原唱,315
1363,原唱,731
1364,原唱,234
1365,原唱,484
1366,原唱,681
1367,原唱,589
1368,原唱,3017
1369,原唱,300
1370,原唱,283
1371,原唱,283
1372,原唱,267
1373,原唱,267
1374,原唱,205
1375,原唱,231
1376,原唱,233
1377,原唱,230
1378,原唱,381
1379,原唱,451
1380,原唱,257
1381,原唱,200
1382,原唱,230
1383,原唱,292
1384,原唱,578
1385,原唱,228
1386,原唱,244
1387,原唱,235
1388,原唱,290
1389,原唱,214
1390,原唱,220
1391,原唱,251
1392,原唱,445
1393,原唱,210
1394,原唱,280
1395,原唱,294
1396,原唱,517
1397,原唱,882
1398,原唱,255
1399,原唱,592
1400,原唱,683
1401,原唱,267
1402,原唱,487
1403,原唱,484
1404,原唱,276
1405,原唱,213
1406,原唱,240
1407,原唱,421
1408,原唱,409
1409,原唱,347
1410,原唱,271
1411,原唱,274
1412,原唱,396
1413,原唱,261
1414,原唱,253
1415,原唱,291
1416,原唱,373
1417,原唱,494
1418,原唱,420
1419,原唱,257
1420,原唱,732
1421,原唱,222
1422,原唱,558
1423,原唱,216
1424,原唱,484
1425,原唱,204
1426,原唱,202
1427,原唱,445
1428,原唱,295
1429,原唱,327
1430,初中,337
1431,初中,232
1432,初中,503
1433,初中,354
1434,初中,212
1435,初中,257
1436,初中,245
1437,初中,305
1438,初中,1863
1439,初中,397
1440,初中,212
1441,初中,520
1442,初中,231
1443,初中,201
1444,初中,230
1445,初中,1150
1446,初中,230
1447,初中,334
1448,初中,332
1449,初中,267
1450,初中,2670
1451,初中,817
1452,初中,364
1453,初中,520
1454,初中,243
1455,初中,252
1456,初中,200
1457,初中,783
1458,初中,226
1459,初中,913
1460,初中,261
1461,初中,214
1462,初中,227
1463,初中,220
1464,初中,639
1465,初中,264
1466,初中,412
1467,初中,220
1468,初中,231
1469,初中,249
1470,初中,273
1471,初中,223
1472,初中,341
1473,初中,2037
1474,初中,517
1475,初中,261
1476,初中,527
1477,初中,211
1478,初中,260
1479,初中,248
1480,初中,251
1481,初中,340
1482,初中,426
1483,初中,323
1484,初中,205
1485,初中,328
1486,初中,246
1487,初中,2407
1488,初中,220
1489,初中,260
1490,初中,261
1491,初中,295
1492,初中,258
1493,初中,305
1494,初中,359
1495,初中,207
1496,初中,429
1497,初中,596
1498,初中,355
1499,初中,877
1500,初中,2817
1501,初中,543
1502,初中,849
1503,初中,224
1504,初中,412
1505,初中,411
1506,初中,241
1507,初中,318
1508,初中,208
1509,初中,325
1510,初中,248
1511,初中,311
1512,初中,232
1513,初中,223
1514,初中,321
1515,初中,276
1516,初中,224
1517,初中,786
1518,初中,2523
1519,初中,291
1520,初中,438
1521,初中,938
1522,初中,840
1523,初中,1096
1524,初中,327
1525,初中,248
1526,初中,220
1527,初中,2260
1528,初中,224
1529,初中,655
1530,初中,940
1531,初中,437
1532,初中,307
1533,初中,444
1534,初中,418
1535,初中,560
1536,初中,1410
1537,初中,232
1538,初中,255
1539,初中,474
1540,初中,358
1541,初中,451
1542,初中,200
1543,初中,675
1544,初中,277
1545,初中,379
1546,初中,288
1547,初中,263
1548,初中,231
1549,初中,262
1550,初中,206
1551,初中,250
1552,初中,350
1553,初中,226
1554,初中,709
1555,初中,210
1556,初中,316
1557,初中,329
1558,初中,526
1559,初中,223
1560,初中,205
1561,初中,338
1562,初中,392
1563,初中,229
1564,初中,251
1565,初中,271
1566,初中,530
1567,初中,213
1568,初中,498
1569,初中,228
1570,初中,234
1571,初中,225
1572,初中,664
1573,初中,245
1574,初中,208
1575,初中,480
1576,初中,387
1577,初中,241
1578,初中,291
1579,初中,244
1580,初中,224
1581,初中,935
1582,初中,350
1583,初中,225
1584,初中,299
1585,初中,553
1586,初中,732
1587,初中,327
1588,初中,240
1589,初中,212
1590,初中,245
1591,初中,250
1592,初中,560
1593,初中,316
1594,初中,507
1595,初中,246
1596,初中,201
1597,初中,435
1598,初中,257
1599,初中,732
1600,初中,458
1601,初中,308
1602,初中,205
1603,初中,306
1604,初中,445
1605,初中,238
1606,初中,407
1607,初中,214
1608,初中,451
1609,初中,597
1610,初中,240
1611,初中,217
1612,初中,295
1613,哥哥,913
1614,哥哥,273
1615,哥哥,783
1616,哥哥,272
1617,哥哥,402
1618,哥哥,282
1619,哥哥,538
1620,哥哥,225
1621,哥哥,241
1622,哥哥,713
1623,哥哥,307
1624,哥哥,4980
1625,哥哥,238
1626,哥哥,209
1627,哥哥,1167
1628,哥哥,5579
1629,哥哥,685
1630,哥哥,7658
1631,哥哥,602
1632,哥哥,223
1633,哥哥,210
1634,哥哥,2913
1635,哥哥,1118
1636,哥哥,6568
1637,哥哥,1186
1638,哥哥,9422
1639,哥哥,564
1640,哥哥,209
1641,哥哥,817
1642,哥哥,330
1643,哥哥,229
1644,哥哥,438
1645,哥哥,556
1646,哥哥,509
1647,哥哥,764
1648,哥哥,323
1649,哥哥,413
1650,哥哥,643
1651,哥哥,563
1652,哥哥,559
1653,哥哥,246
1654,哥哥,289
1655,哥哥,582
1656,哥哥,493
1657,哥哥,566
1658,哥哥,786
1659,哥哥,202
1660,哥哥,220
1661,哥哥,304
1662,哥哥,403
1663,哥哥,636
1664,哥哥,259
1665,哥哥,247
1666,哥哥,544
1667,哥哥,569
1668,哥哥,951
1669,哥哥,955
1670,哥哥,3936
1671,哥哥,258
1672,哥哥,206
1673,哥哥,339
1674,哥哥,1000
1675,哥哥,256
1676,哥哥,1050
1677,哥哥,310
1678,哥哥,700
1679,哥哥,1014
1680,哥哥,246
1681,哥哥,724
1682,哥哥,317
1683,哥哥,369
1684,哥哥,1133
1685,哥哥,452
1686,哥哥,225
1687,哥哥,297
1688,哥哥,312
1689,哥哥,263
1690,哥哥,283
1691,哥哥,234
1692,哥哥,487
1693,哥哥,646
1694,哥哥,613
1695,哥哥,799
1696,哥哥,248
1697,哥哥,798
1698,哥哥,267
1699,哥哥,578
1700,哥哥,621
1701,哥哥,639
1702,哥哥,401
1703,哥哥,262
1704,哥哥,550
1705,哥哥,306
1706,哥哥,712
1707,哥哥,236
1708,哥哥,1365
1709,哥哥,242
1710,哥哥,2662
1711,哥哥,210
1712,哥哥,420
1713,哥哥,466
1714,哥哥,650
1715,哥哥,216
1716,哥哥,1477
1717,哥哥,273
1718,哥哥,327
1719,哥哥,346
1720,哥哥,490
1721,哥哥,293
1722,哥哥,284
1723,哥哥,320
1724,哥哥,479
1725,哥哥,1244
1726,哥哥,308
1727,哥哥,261
1728,哥哥,202
1729,哥哥,230
1730,哥哥,203
1731,哥哥,303
1732,哥哥,332
1733,哥哥,321
1734,哥哥,671
1735,哥哥,246
1736,哥哥,418
1737,哥哥,214
1738,哥哥,205
1739,哥哥,204
1740,哥哥,614
1741,哥哥,719
1742,哥哥,920
1743,哥哥,818
1744,哥哥,226
1745,哥哥,942
1746,哥哥,1112
1747,哥哥,405
1748,哥哥,367
1749,哥哥,320
1750,哥哥,693
1751,哥哥,276
1752,哥哥,287
1753,哥哥,234
1754,哥哥,223
1755,哥哥,205
1756,哥哥,635
1757,哥哥,202
1758,哥哥,576
1759,哥哥,442
1760,哥哥,208
1761,哥哥,722
1762,哥哥,211
1763,哥哥,558
1764,哥哥,360
1765,哥哥,206
1766,哥哥,461
1767,哥哥,514
1768,哥哥,361
1769,哥哥,275
1770,哥哥,1259
1771,哥哥,240
1772,哥哥,238
1773,哥哥,564
1774,哥哥,202
1775,哥哥,277
1776,哥哥,205
1777,哥哥,245
1778,哥哥,279
1779,哥哥,265
1780,哥哥,1762
1781,哥哥,323
1782,哥哥,213
1783,哥哥,219
1784,哥哥,354
1785,哥哥,251
1786,哥哥,389
1787,哥哥,204
1788,哥哥,212
1789,薛之谦,301
1790,薛之谦,244
1791,薛之谦,870
1792,薛之谦,325
1793,薛之谦,316
1794,薛之谦,372
1795,薛之谦,286
1796,薛之谦,273
1797,薛之谦,212
1798,薛之谦,883
1799,薛之谦,539
1800,薛之谦,648
1801,薛之谦,329
1802,薛之谦,258
1803,薛之谦,206
1804,薛之谦,386
1805,薛之谦,418
1806,薛之谦,524
1807,薛之谦,311
1808,薛之谦,871
1809,薛之谦,215
1810,薛之谦,290
1811,薛之谦,263
1812,薛之谦,203
1813,薛之谦,428
1814,薛之谦,2403
1815,薛之谦,564
1816,薛之谦,201
1817,薛之谦,280
1818,薛之谦,258
1819,薛之谦,332
1820,薛之谦,868
1821,薛之谦,278
1822,薛之谦,2091
1823,薛之谦,234
1824,薛之谦,342
1825,薛之谦,310
1826,薛之谦,2670
1827,薛之谦,214
1828,薛之谦,304
1829,薛之谦,250
1830,薛之谦,1012
1831,薛之谦,238
1832,薛之谦,209
1833,薛之谦,280
1834,薛之谦,431
1835,薛之谦,877
1836,薛之谦,284
1837,薛之谦,682
1838,薛之谦,400
1839,薛之谦,253
1840,薛之谦,243
1841,薛之谦,330
1842,薛之谦,221
1843,薛之谦,553
1844,薛之谦,617
1845,薛之谦,327
1846,薛之谦,209
1847,薛之谦,318
1848,薛之谦,541
1849,薛之谦,742
1850,薛之谦,432
1851,薛之谦,778
1852,薛之谦,261
1853,薛之谦,249
1854,薛之谦,775
1855,薛之谦,208
1856,薛之谦,1419
1857,薛之谦,948
1858,薛之谦,401
1859,薛之谦,754
1860,薛之谦,670
1861,薛之谦,399
1862,薛之谦,231
1863,薛之谦,306
1864,薛之谦,306
1865,薛之谦,227
1866,薛之谦,376
1867,薛之谦,311
1868,薛之谦,618
1869,薛之谦,208
1870,薛之谦,360
1871,薛之谦,529
1872,薛之谦,210
1873,薛之谦,369
1874,薛之谦,1033
1875,薛之谦,258
1876,薛之谦,269
1877,薛之谦,248
1878,薛之谦,806
1879,薛之谦,1963
1880,薛之谦,883
1881,薛之谦,633
1882,薛之谦,260
1883,薛之谦,274
1884,薛之谦,1304
1885,薛之谦,1028
1886,薛之谦,200
1887,薛之谦,353
1888,薛之谦,809
1889,薛之谦,243
1890,薛之谦,239
1891,薛之谦,397
1892,薛之谦,231
1893,薛之谦,241
1894,薛之谦,252
1895,薛之谦,314
1896,薛之谦,410
1897,薛之谦,202
1898,薛之谦,218
1899,薛之谦,345
1900,薛之谦,283
1901,薛之谦,622
1902,薛之谦,233
1903,薛之谦,1757
1904,薛之谦,1151
1905,薛之谦,750
1906,薛之谦,441
1907,薛之谦,216
1908,薛之谦,232
1909,薛之谦,328
1910,薛之谦,269
1911,薛之谦,486
1912,薛之谦,2333
1913,薛之谦,1559
1914,薛之谦,952
1915,薛之谦,293
1916,薛之谦,216
1917,薛之谦,694
1918,薛之谦,257
1919,薛之谦,203
1920,薛之谦,717
1921,薛之谦,275
1922,薛之谦,275
1923,薛之谦,318
1924,薛之谦,215
1925,薛之谦,824
1926,薛之谦,349
1927,薛之谦,410
1928,薛之谦,518
1929,薛之谦,203
1930,薛之谦,451
1931,薛之谦,362
1932,薛之谦,203
1933,薛之谦,522
1934,薛之谦,224
1935,薛之谦,257
1936,薛之谦,260
1937,薛之谦,485
1938,薛之谦,435
1939,薛之谦,1553
1940,薛之谦,416
1941,薛之谦,340
1942,薛之谦,370
1943,薛之谦,361
1944,薛之谦,220
1945,薛之谦,450
1946,薛之谦,558
1947,薛之谦,810
1948,薛之谦,270
1949,薛之谦,221
1950,薛之谦,350
1951,薛之谦,232
1952,薛之谦,231
1953,薛之谦,1069
1954,薛之谦,285
1955,薛之谦,202
1956,薛之谦,943
1957,薛之谦,227
1958,薛之谦,232
1959,薛之谦,209
1960,薛之谦,328
1961,热搜,284
1962,热搜,354
1963,热搜,505
1964,热搜,230
1965,热搜,253
1966,热搜,444
1967,热搜,534
1968,热搜,830
1969,热搜,3619
1970,热搜,227
1971,热搜,1278
1972,热搜,838
1973,热搜,864
1974,热搜,468
1975,热搜,684
1976,热搜,575
1977,热搜,953
1978,热搜,900
1979,热搜,318
1980,热搜,235
1981,热搜,350
1982,热搜,543
1983,热搜,1337
1984,热搜,632
1985,热搜,325
1986,热搜,1150
1987,热搜,1057
1988,热搜,2670
1989,热搜,472
1990,热搜,214
1991,热搜,520
1992,热搜,252
1993,热搜,783
1994,热搜,913
1995,热搜,227
1996,热搜,271
1997,热搜,311
1998,热搜,617
1999,热搜,412
2000,热搜,293
2001,热搜,273
2002,热搜,1088
2003,热搜,517
2004,热搜,295
2005,热搜,231
2006,热搜,334
2007,热搜,970
2008,热搜,424
2009,热搜,578
2010,热搜,1676
2011,热搜,280
2012,热搜,682
2013,热搜,400
2014,热搜,389
2015,热搜,239
2016,热搜,323
2017,热搜,553
2018,热搜,220
2019,热搜,260
2020,热搜,3718
2021,热搜,2138
2022,热搜,493
2023,热搜,518
2024,热搜,370
2025,热搜,223
2026,热搜,918
2027,热搜,222
2028,热搜,322
2029,热搜,2817
2030,热搜,586
2031,热搜,548
2032,热搜,607
2033,热搜,510
2034,热搜,369
2035,热搜,403
2036,热搜,618
2037,热搜,842
2038,热搜,203
2039,热搜,256
2040,热搜,730
2041,热搜,883
2042,热搜,802
2043,热搜,311
2044,热搜,760
2045,热搜,226
2046,热搜,227
2047,热搜,976
2048,热搜,267
2049,热搜,317
2050,热搜,580
2051,热搜,1113
2052,热搜,262
2053,热搜,1284
2054,热搜,246
2055,热搜,328
2056,热搜,667
2057,热搜,218
2058,热搜,220
2059,热搜,663
2060,热搜,436
2061,热搜,441
2062,热搜,1410
2063,热搜,571
2064,热搜,1298
2065,热搜,474
2066,热搜,288
2067,热搜,249
2068,热搜,1713
2069,热搜,695
2070,热搜,729
2071,热搜,268
2072,热搜,367
2073,热搜,235
2074,热搜,205
2075,热搜,254
2076,热搜,268
2077,热搜,270
2078,热搜,250
2079,热搜,367
2080,热搜,1110
2081,热搜,392
2082,热搜,660
2083,热搜,251
2084,热搜,419
2085,热搜,279
2086,热搜,726
2087,热搜,333
2088,热搜,255
2089,热搜,1065
2090,热搜,241
2091,热搜,320
2092,热搜,370
2093,热搜,294
2094,热搜,473
2095,热搜,1271
2096,热搜,1332
2097,热搜,835
2098,热搜,274
2099,热搜,260
2100,热搜,299
2101,热搜,432
2102,热搜,485
2103,热搜,670
2104,热搜,293
2105,热搜,228
2106,热搜,409
2107,热搜,1072
2108,热搜,1238
2109,热搜,552
2110,热搜,420
2111,热搜,732
2112,热搜,290
2113,热搜,251
2114,热搜,327
2115,热搜,285
2116,热搜,626
2117,热搜,227
2118,热搜,1075
2119,热搜,1126
2120,热搜,407
2121,热搜,211
2122,热搜,289
2123,天堂,1033
2124,天堂,823
2125,天堂,240
2126,天堂,337
2127,天堂,2418
2128,天堂,398
2129,天堂,10020
2130,天堂,709
2131,天堂,1032
2132,天堂,202
2133,天堂,3186
2134,天堂,2404
2135,天堂,238
2136,天堂,3037
2137,天堂,523
2138,天堂,5909
2139,天堂,224
2140,天堂,531
2141,天堂,349
2142,天堂,331
2143,天堂,233
2144,天堂,734
2145,天堂,360
2146,天堂,509
2147,天堂,431
2148,天堂,1316
2149,天堂,214
2150,天堂,2269
2151,天堂,225
2152,天堂,799
2153,天堂,401
2154,天堂,1216
2155,天堂,1506
2156,天堂,366
2157,天堂,280
2158,天堂,1219
2159,天堂,254
2160,天堂,4744
2161,天堂,657
2162,天堂,1185
2163,天堂,5072
2164,天堂,295
2165,天堂,1077
2166,天堂,1081
2167,天堂,1004
2168,天堂,615
2169,天堂,233
2170,天堂,16932
2171,天堂,240
2172,天堂,1925
2173,天堂,286
2174,天堂,1291
2175,天堂,666
2176,天堂,1275
2177,天堂,1519
2178,天堂,592
2179,天堂,295
2180,天堂,696
2181,天堂,2570
2182,天堂,314
2183,天堂,3011
2184,天堂,1079
2185,天堂,359
2186,天堂,3607
2187,天堂,836
2188,天堂,222
2189,天堂,302
2190,天堂,874
2191,天堂,200
2192,天堂,5781
2193,天堂,602
2194,天堂,379
2195,天堂,2523
2196,天堂,463
2197,天堂,1242
2198,天堂,223
2199,天堂,216
2200,天堂,3815
2201,天堂,2260
2202,天堂,961
2203,天堂,1151
2204,天堂,750
2205,天堂,441
2206,天堂,216
2207,天堂,6650
2208,天堂,200
2209,天堂,411
2210,天堂,248
2211,天堂,229
2212,天堂,584
2213,天堂,534
2214,天堂,484
2215,天堂,310
2216,天堂,1362
2217,天堂,29493
2218,天堂,685
2219,天堂,487
2220,天堂,3437
2221,天堂,8119
2222,天堂,12066
2223,天堂,215
2224,天堂,2971
2225,天堂,13373
2226,天堂,9923
2227,天堂,213
2228,天堂,830
2229,天堂,217
2230,天堂,735
2231,天堂,522
2232,天堂,892
2233,天堂,6847
2234,天堂,396
2235,天堂,514
2236,天堂,9775
2237,天堂,275
2238,天堂,2462
2239,天堂,271
2240,天堂,395
2241,天堂,395
2242,天堂,5922
2243,天堂,551
2244,天堂,369
2245,天堂,687
2246,天堂,891
2247,天堂,813
2248,天堂,859
2249,天堂,1078
2250,天堂,1069
2251,天堂,499
2252,天堂,1232
2253,天堂,282
2254,天堂,10813
2255,天堂,2452
2256,天堂,6855
2257,天堂,784
2258,天堂,725
2259,天堂,1388
2260,天堂,562
2261,天堂,462
2262,天堂,583
2263,天堂,230
2264,天堂,564
2265,天堂,519
2266,天堂,434
2267,天堂,449
2268,天堂,2689
2269,天堂,847
2270,天堂,201
2271,天堂,235
2272,天堂,1259
2273,天堂,5696
2274,天堂,1086
2275,天堂,1185
2276,天堂,5180
2277,微博,286
2278,微博,216
2279,微博,302
2280,微博,257
2281,微博,235
2282,微博,382
2283,微博,4510
2284,微博,332
2285,微博,275
2286,微博,208
2287,微博,350
2288,微博,543
2289,微博,410
2290,微博,2403
2291,微博,305
2292,微博,1057
2293,微博,472
2294,微博,282
2295,微博,225
2296,微博,208
2297,微博,296
2298,微博,215
2299,微博,389
2300,微博,293
2301,微博,1088
2302,微博,214
2303,微博,272
2304,微博,209
2305,微博,226
2306,微博,562
2307,微博,330
2308,微博,527
2309,微博,215
2310,微博,564
2311,微博,334
2312,微博,1686
2313,微博,879
2314,微博,1676
2315,微博,212
2316,微博,711
2317,微博,877
2318,微博,209
2319,微博,246
2320,微博,497
2321,微博,203
2322,微博,1241
2323,微博,416
2324,微博,460
2325,微博,518
2326,微博,370
2327,微博,294
2328,微博,327
2329,微博,247
2330,微博,245
2331,微博,918
2332,微博,203
2333,微博,203
2334,微博,233
2335,微博,233
2336,微博,257
2337,微博,247
2338,微博,359
2339,微博,210
2340,微博,775
2341,微博,208
2342,微博,201
2343,微博,208
2344,微博,319
2345,微博,336
2346,微博,419
2347,微博,237
2348,微博,257
2349,微博,542
2350,微博,529
2351,微博,203
2352,微博,1033
2353,微博,201
2354,微博,883
2355,微博,342
2356,微博,251
2357,微博,239
2358,微博,203
2359,微博,286
2360,微博,287
2361,微博,747
2362,微博,203
2363,微博,343
2364,微博,248
2365,微博,232
2366,微博,246
2367,微博,206
2368,微博,665
2369,微博,2272
2370,微博,538
2371,微博,260
2372,微博,663
2373,微博,441
2374,微博,243
2375,微博,358
2376,微博,420
2377,微博,205
2378,微博,315
2379,微博,1713
2380,微博,282
2381,微博,268
2382,微博,332
2383,微博,367
2384,微博,251
2385,微博,317
2386,微博,268
2387,微博,622
2388,微博,321
2389,微博,260
2390,微博,419
2391,微博,206
2392,微博,216
2393,微博,309
2394,微博,317
2395,微博,475
2396,微博,201
2397,微博,226
2398,微博,320
2399,微博,598
2400,微博,253
2401,微博,294
2402,微博,739
2403,微博,221
2404,微博,523
2405,微博,281
2406,微博,371
2407,微博,732
2408,微博,218
2409,微博,374
2410,微博,214
2411,微博,215
2412,微博,560
2413,微博,254
2414,微博,494
2415,微博,1194
2416,微博,227
2417,微博,284
2418,微博,1075
2419,微博,1126
2420,微博,407
2421,微博,415
2422,微博,822
2423,前奏,883
2424,前奏,373
2425,前奏,223
2426,前奏,214
2427,前奏,200
2428,前奏,5123
2429,前奏,4510
2430,前奏,227
2431,前奏,1272
2432,前奏,359
2433,前奏,201
2434,前奏,214
2435,前奏,202
2436,前奏,384
2437,前奏,499
2438,前奏,292
2439,前奏,592
2440,前奏,304
2441,前奏,290
2442,前奏,216
2443,前奏,2760
2444,前奏,273
2445,前奏,234
2446,前奏,388
2447,前奏,379
2448,前奏,248
2449,前奏,290
2450,前奏,249
2451,前奏,287
2452,前奏,465
2453,前奏,562
2454,前奏,294
2455,前奏,485
2456,前奏,1686
2457,前奏,1676
2458,前奏,367
2459,前奏,327
2460,前奏,404
2461,前奏,223
2462,前奏,333
2463,前奏,273
2464,前奏,647
2465,前奏,203
2466,前奏,527
2467,前奏,200
2468,前奏,335
2469,前奏,227
2470,前奏,280
2471,前奏,249
2472,前奏,3326
2473,前奏,340
2474,前奏,277
2475,前奏,1841
2476,前奏,226
2477,前奏,213
2478,前奏,257
2479,前奏,264
2480,前奏,232
2481,前奏,321
2482,前奏,216
2483,前奏,215
2484,前奏,651
2485,前奏,217
2486,前奏,230
2487,前奏,282
2488,前奏,3038
2489,前奏,288
2490,前奏,273
2491,前奏,711
2492,前奏,213
2493,前奏,254
2494,前奏,206
2495,前奏,236
2496,前奏,509
2497,前奏,238
2498,前奏,541
2499,前奏,425
2500,前奏,240
2501,前奏,256
2502,前奏,243
2503,前奏,200
2504,前奏,278
2505,前奏,227
2506,前奏,457
2507,前奏,284
2508,前奏,407
2509,前奏,256
2510,前奏,374
2511,前奏,317
2512,前奏,345
2513,前奏,226
2514,前奏,410
2515,前奏,288
2516,前奏,463
2517,前奏,207
2518,前奏,323
2519,前奏,402
2520,前奏,242
2521,前奏,425
2522,前奏,546
2523,前奏,239
2524,前奏,400
2525,前奏,1256
2526,前奏,739
2527,前奏,210
2528,前奏,261
2529,前奏,395
2530,前奏,1080
2531,前奏,332
2532,前奏,1607
2533,前奏,817
2534,前奏,422
2535,前奏,351
2536,前奏,390
2537,前奏,273
2538,前奏,493
2539,前奏,265
2540,前奏,266
2541,前奏,375
2542,前奏,533
2543,前奏,202
2544,前奏,209
2545,前奏,334
2546,前奏,1148
2547,前奏,223
2548,前奏,488
2549,前奏,291
2550,前奏,215
2551,前奏,586
2552,前奏,242
2553,前奏,209
2554,前奏,204
2555,前奏,204
2556,前奏,266
2557,前奏,371
2558,前奏,200
2559,粉丝,311
2560,粉丝,444
2561,粉丝,221
2562,粉丝,371
2563,粉丝,684
2564,粉丝,4510
2565,粉丝,477
2566,粉丝,206
2567,粉丝,684
2568,粉丝,216
2569,粉丝,306
2570,粉丝,208
2571,粉丝,759
2572,粉丝,759
2573,粉丝,350
2574,粉丝,543
2575,粉丝,317
2576,粉丝,2209
2577,粉丝,297
2578,粉丝,300
2579,粉丝,421
2580,粉丝,460
2581,粉丝,258
2582,粉丝,241
2583,粉丝,1057
2584,粉丝,283
2585,粉丝,223
2586,粉丝,236
2587,粉丝,291
2588,粉丝,474
2589,粉丝,244
2590,粉丝,877
2591,粉丝,243
2592,粉丝,314
2593,粉丝,207
2594,粉丝,249
2595,粉丝,219
2596,粉丝,210
2597,粉丝,224
2598,粉丝,279
2599,粉丝,209
2600,粉丝,231
2601,粉丝,482
2602,粉丝,1976
2603,粉丝,231
2604,粉丝,1523
2605,粉丝,730
2606,粉丝,1963
2607,粉丝,320
2608,粉丝,269
2609,粉丝,317
2610,粉丝,377
2611,粉丝,282
2612,粉丝,761
2613,粉丝,260
2614,粉丝,3815
2615,粉丝,409
2616,粉丝,1298
2617,粉丝,261
2618,粉丝,770
2619,粉丝,609
2620,粉丝,255
2621,粉丝,1713
2622,粉丝,222
2623,粉丝,273
2624,粉丝,288
2625,粉丝,1559
2626,粉丝,367
2627,粉丝,317
2628,粉丝,333
2629,粉丝,277
2630,粉丝,1361
2631,粉丝,210
2632,粉丝,650
2633,粉丝,410
2634,粉丝,210
2635,粉丝,315
2636,粉丝,731
2637,粉丝,268
2638,粉丝,379
2639,粉丝,270
2640,粉丝,10130
2641,粉丝,450
2642,粉丝,261
2643,粉丝,236
2644,粉丝,866
2645,粉丝,250
2646,粉丝,315
2647,粉丝,539
2648,粉丝,451
2649,粉丝,889
2650,粉丝,463
2651,粉丝,253
2652,粉丝,443
2653,粉丝,443
2654,粉丝,717
2655,粉丝,264
2656,粉丝,445
2657,粉丝,234
2658,粉丝,210
2659,粉丝,223
2660,粉丝,224
2661,粉丝,2494
2662,粉丝,785
2663,粉丝,783
2664,粉丝,2752
2665,粉丝,241
2666,粉丝,727
2667,粉丝,337
2668,粉丝,229
2669,粉丝,275
2670,粉丝,211
2671,粉丝,1762
2672,粉丝,773
2673,粉丝,246
2674,粉丝,323
2675,粉丝,307
2676,粉丝,1016
2677,粉丝,490
2678,粉丝,1194
2679,粉丝,799
2680,粉丝,302
2681,粉丝,289
2682,粉丝,426
2683,粉丝,845
2684,粉丝,389
2685,粉丝,204
2686,粉丝,212
2687,粉丝,591
2688,粉丝,840
2689,许嵩,256
2690,许嵩,334
2691,许嵩,231
2692,许嵩,350
2693,许嵩,248
2694,许嵩,224
2695,许嵩,528
2696,许嵩,289
2697,许嵩,213
2698,许嵩,291
2699,许嵩,268
2700,许嵩,277
2701,许嵩,375
2702,许嵩,308
2703,许嵩,214
2704,许嵩,817
2705,许嵩,364
2706,许嵩,215
2707,许嵩,224
2708,许嵩,520
2709,许嵩,243
2710,许嵩,252
2711,许嵩,200
2712,许嵩,783
2713,许嵩,226
2714,许嵩,913
2715,许嵩,261
2716,许嵩,214
2717,许嵩,256
2718,许嵩,227
2719,许嵩,271
2720,许嵩,363
2721,许嵩,210
2722,许嵩,311
2723,许嵩,617
2724,许嵩,582
2725,许嵩,283
2726,许嵩,220
2727,许嵩,209
2728,许嵩,231
2729,许嵩,639
2730,许嵩,264
2731,许嵩,205
2732,许嵩,412
2733,许嵩,613
2734,许嵩,303
2735,许嵩,303
2736,许嵩,226
2737,许嵩,453
2738,许嵩,727
2739,许嵩,436
2740,许嵩,220
2741,许嵩,266
2742,许嵩,231
2743,许嵩,249
2744,许嵩,273
2745,许嵩,286
2746,许嵩,1088
2747,许嵩,719
2748,许嵩,223
2749,许嵩,264
2750,许嵩,341
2751,许嵩,2037
2752,许嵩,517
2753,许嵩,261
2754,许嵩,245
2755,许嵩,475
2756,许嵩,211
2757,许嵩,299
2758,许嵩,877
2759,许嵩,2817
2760,许嵩,270
2761,许嵩,635
2762,许嵩,510
2763,许嵩,319
2764,许嵩,1746
2765,许嵩,950
2766,许嵩,302
2767,许嵩,240
2768,许嵩,239
2769,许嵩,241
2770,许嵩,212
2771,许嵩,1642
2772,许嵩,4108
2773,许嵩,5281
2774,许嵩,7087
2775,许嵩,790
2776,许嵩,212
2777,许嵩,339
2778,许嵩,255
2779,许嵩,370
2780,许嵩,730
2781,许嵩,409
2782,许嵩,372
2783,许嵩,376
2784,许嵩,221
2785,许嵩,211
2786,许嵩,214
2787,许嵩,1331
2788,许嵩,317
2789,许嵩,255
2790,许嵩,639
2791,许嵩,314
2792,许嵩,425
2793,许嵩,240
2794,许嵩,672
2795,许嵩,205
2796,许嵩,229
2797,许嵩,261
2798,许嵩,329
2799,许嵩,235
2800,许嵩,717
2801,许嵩,311
2802,许嵩,287
2803,许嵩,450
2804,许嵩,203
2805,许嵩,216
2806,许嵩,213
2807,许嵩,360
2808,许嵩,610
2809,许嵩,240
2810,许嵩,435
2811,许嵩,302
2812,许嵩,1065
2813,许嵩,316
2814,许嵩,456
2815,许嵩,532
2816,许嵩,594
2817,许嵩,327
2818,北京,240
2819,北京,1863
2820,北京,1060
2821,北京,246
2822,北京,794
2823,北京,384
2824,北京,265
2825,北京,277
2826,北京,469
2827,北京,259
2828,北京,886
2829,北京,407
2830,北京,344
2831,北京,452
2832,北京,452
2833,北京,282
2834,北京,419
2835,北京,537
2836,北京,807
2837,北京,303
2838,北京,226
2839,北京,453
2840,北京,727
2841,北京,436
2842,北京,220
2843,北京,1088
2844,北京,719
2845,北京,369
2846,北京,1012
2847,北京,481
2848,北京,201
2849,北京,324
2850,北京,270
2851,北京,317
2852,北京,232
2853,北京,372
2854,北京,295
2855,北京,224
2856,北京,551
2857,北京,282
2858,北京,541
2859,北京,1883
2860,北京,476
2861,北京,324
2862,北京,201
2863,北京,217
2864,北京,326
2865,北京,486
2866,北京,227
2867,北京,529
2868,北京,603
2869,北京,479
2870,北京,1047
2871,北京,1798
2872,北京,353
2873,北京,360
2874,北京,288
2875,北京,241
2876,北京,288
2877,北京,396
2878,北京,317
2879,北京,376
2880,北京,227
2881,北京,310
2882,北京,217
2883,北京,227
2884,北京,238
2885,北京,204
2886,北京,442
2887,北京,203
2888,北京,273
2889,北京,213
2890,北京,305
2891,北京,305
2892,北京,378
2893,北京,208
2894,北京,319
2895,北京,237
2896,北京,391
2897,北京,227
2898,北京,566
2899,北京,283
2900,北京,352
2901,北京,580
2902,北京,292
2903,北京,484
2904,北京,267
2905,北京,1231
2906,北京,293
2907,北京,326
2908,北京,219
2909,北京,269
2910,北京,489
2911,北京,253
2912,北京,214
2913,北京,509
2914,北京,209
2915,北京,650
2916,北京,277
2917,北京,268
2918,北京,224
2919,北京,1067
2920,北京,206
2921,北京,324
2922,北京,466
2923,北京,467
2924,北京,245
2925,北京,361
2926,北京,315
2927,北京,319
2928,北京,206
2929,北京,283
2930,北京,261
2931,北京,286
2932,北京,484
2933,北京,260
2934,北京,200
2935,北京,210
2936,北京,297
2937,北京,310
2938,北京,323
2939,北京,591
2940,北京,303
2941,北京,306
2942,北京,1324
2943,北京,237
2944,北京,267
2945,北京,652
2946,北京,327
2947,中国,257
2948,中国,293
2949,中国,571
2950,中国,208
2951,中国,216
2952,中国,373
2953,中国,208
2954,中国,223
2955,中国,426
2956,中国,235
2957,中国,2425
2958,中国,222
2959,中国,5199
2960,中国,222
2961,中国,372
2962,中国,301
2963,中国,273
2964,中国,306
2965,中国,269
2966,中国,272
2967,中国,945
2968,中国,590
2969,中国,216
2970,中国,297
2971,中国,389
2972,中国,305
2973,中国,340
2974,中国,516
2975,中国,244
2976,中国,836
2977,中国,314
2978,中国,1009
2979,中国,252
2980,中国,1111
2981,中国,872
2982,中国,426
2983,中国,224
2984,中国,299
2985,中国,236
2986,中国,257
2987,中国,219
2988,中国,443
2989,中国,933
2990,中国,221
2991,中国,2103
2992,中国,426
2993,中国,607
2994,中国,334
2995,中国,528
2996,中国,248
2997,中国,261
2998,中国,616
2999,中国,276
3000,中国,280
3001,中国,615
3002,中国,369
3003,中国,1172
3004,中国,869
3005,中国,206
3006,中国,300
3007,中国,1067
3008,中国,324
3009,中国,214
3010,中国,1451
3011,中国,225
3012,中国,203
3013,中国,609
3014,中国,296
3015,中国,206
3016,中国,349
3017,中国,276
3018,中国,256
3019,中国,242
3020,中国,806
3021,中国,226
3022,中国,276
3023,中国,244
3024,中国,430
3025,中国,214
3026,中国,926
3027,中国,244
3028,中国,403
3029,中国,214
3030,中国,214
3031,中国,226
3032,中国,253
3033,中国,2663
3034,中国,200
3035,中国,261
3036,中国,416
3037,中国,262
3038,中国,375
3039,中国,430
3040,中国,207
3041,中国,205
3042,中国,200
3043,中国,509
3044,中国,489
3045,中国,301
3046,中国,219
3047,中国,4718
3048,中国,206
3049,中国,232
3050,中国,328
3051,中国,446
3052,中国,207
3053,中国,213
3054,中国,274
3055,中国,947
3056,中国,847
3057,中国,659
3058,中国,274
3059,中国,235
3060,中国,200
3061,中国,799
3062,中国,302
3063,中国,241
3064,中国,845
3065,中国,471
3066,中国,781
3067,中国,250
3068,中国,340
3069,结婚,351
3070,结婚,233
3071,结婚,294
3072,结婚,459
3073,结婚,356
3074,结婚,236
3075,结婚,249
3076,结婚,250
3077,结婚,338
3078,结婚,450
3079,结婚,305
3080,结婚,220
3081,结婚,201
3082,结婚,564
3083,结婚,482
3084,结婚,236
3085,结婚,228
3086,结婚,501
3087,结婚,234
3088,结婚,334
3089,结婚,684
3090,结婚,241
3091,结婚,535
3092,结婚,252
3093,结婚,239
3094,结婚,213
3095,结婚,230
3096,结婚,391
3097,结婚,208
3098,结婚,528
3099,结婚,287
3100,结婚,1382
3101,结婚,370
3102,结婚,269
3103,结婚,525
3104,结婚,498
3105,结婚,432
3106,结婚,200
3107,结婚,339
3108,结婚,419
3109,结婚,419
3110,结婚,293
3111,结婚,400
3112,结婚,200
3113,结婚,311
3114,结婚,205
3115,结婚,267
3116,结婚,202
3117,结婚,312
3118,结婚,283
3119,结婚,580
3120,结婚,397
3121,结婚,231
3122,结婚,477
3123,结婚,314
3124,结婚,652
3125,结婚,272
3126,结婚,438
3127,结婚,233
3128,结婚,227
3129,结婚,238
3130,结婚,204
3131,结婚,372
3132,结婚,508
3133,结婚,279
3134,结婚,267
3135,结婚,551
3136,结婚,289
3137,结婚,221
3138,结婚,225
3139,结婚,475
3140,结婚,424
3141,结婚,260
3142,结婚,524
3143,结婚,267
3144,结婚,638
3145,结婚,230
3146,结婚,358
3147,结婚,230
3148,结婚,239
3149,结婚,558
3150,结婚,424
3151,结婚,424
3152,结婚,286
3153,结婚,396
3154,结婚,319
3155,结婚,696
3156,结婚,236
3157,结婚,288
3158,结婚,234
3159,结婚,229
3160,结婚,332
3161,结婚,235
3162,结婚,298
3163,结婚,429
3164,结婚,260
3165,结婚,246
3166,结婚,238
3167,结婚,240
3168,结婚,285
3169,结婚,218
3170,结婚,420
3171,结婚,257
3172,结婚,732
3173,结婚,275
3174,结婚,300
3175,结婚,219
3176,结婚,245
3177,结婚,205
3178,结婚,1273
3179,结婚,967
3180,结婚,236
3181,结婚,221
3182,封面,333
3183,封面,225
3184,封面,495
3185,封面,257
3186,封面,438
3187,封面,238
3188,封面,383
3189,封面,401
3190,封面,1095
3191,封面,1007
3192,封面,643
3193,封面,427
3194,封面,256
3195,封面,376
3196,封面,207
3197,封面,251
3198,封面,363
3199,封面,218
3200,封面,230
3201,封面,219
3202,封面,296
3203,封面,294
3204,封面,459
3205,封面,412
3206,封面,613
3207,封面,216
3208,封面,507
3209,封面,207
3210,封面,535
3211,封面,239
3212,封面,213
3213,封面,391
3214,封面,327
3215,封面,209
3216,封面,202
3217,封面,248
3218,封面,472
3219,封面,211
3220,封面,1336
3221,封面,269
3222,封面,301
3223,封面,225
3224,封面,221
3225,封面,225
3226,封面,227
3227,封面,218
3228,封面,257
3229,封面,436
3230,封面,219
3231,封面,302
3232,封面,276
3233,封面,231
3234,封面,488
3235,封面,478
3236,封面,329
3237,封面,236
3238,封面,509
3239,封面,232
3240,封面,269
3241,封面,236
3242,封面,243
3243,封面,487
3244,封面,278
3245,封面,417
3246,封面,258
3247,封面,207
3248,封面,289
3249,封面,220
3250,封面,359
3251,封面,249
3252,封面,276
3253,封面,454
3254,封面,258
3255,封面,463
3256,封面,366
3257,封面,200
3258,封面,291
3259,封面,2881
3260,封面,323
3261,封面,254
3262,封面,817
3263,封面,228
3264,封面,408
3265,封面,282
3266,封面,285
3267,封面,265
3268,封面,237
3269,封面,263
3270,封面,229
3271,封面,210
3272,封面,235
3273,封面,277
3274,封面,255
3275,封面,350
3276,封面,268
3277,封面,273
3278,封面,323
3279,封面,228
3280,封面,209
3281,封面,241
3282,封面,202
3283,封面,650
3284,封面,240
3285,封面,487
3286,封面,283
3287,封面,286
3288,封面,207
3289,封面,242
3290,封面,606
3291,封面,406
3292,封面,265
3293,封面,340
3294,恭喜,301
3295,恭喜,421
3296,恭喜,327
3297,恭喜,637
3298,恭喜,445
3299,恭喜,216
3300,恭喜,388
3301,恭喜,226
3302,恭喜,622
3303,恭喜,450
3304,恭喜,1131
3305,恭喜,631
3306,恭喜,214
3307,恭喜,340
3308,恭喜,236
3309,恭喜,501
3310,恭喜,2558
3311,恭喜,494
3312,恭喜,239
3313,恭喜,367
3314,恭喜,322
3315,恭喜,525
3316,恭喜,205
3317,恭喜,309
3318,恭喜,1428
3319,恭喜,770
3320,恭喜,212
3321,恭喜,205
3322,恭喜,398
3323,恭喜,504
3324,恭喜,360
3325,恭喜,267
3326,恭喜,635
3327,恭喜,218
3328,恭喜,283
3329,恭喜,317
3330,恭喜,208
3331,恭喜,397
3332,恭喜,231
3333,恭喜,201
3334,恭喜,309
3335,恭喜,698
3336,恭喜,298
3337,恭喜,477
3338,恭喜,622
3339,恭喜,640
3340,恭喜,303
3341,恭喜,267
3342,恭喜,225
3343,恭喜,246
3344,恭喜,1377
3345,恭喜,509
3346,恭喜,387
3347,恭喜,285
3348,恭喜,1004
3349,恭喜,203
3350,恭喜,324
3351,恭喜,258
3352,恭喜,406
3353,恭喜,337
3354,恭喜,413
3355,恭喜,352
3356,恭喜,381
3357,恭喜,209
3358,恭喜,424
3359,恭喜,208
3360,恭喜,584
3361,恭喜,297
3362,恭喜,328
3363,恭喜,524
3364,恭喜,665
3365,恭喜,226
3366,恭喜,279
3367,恭喜,889
3368,恭喜,797
3369,恭喜,253
3370,恭喜,219
3371,恭喜,378
3372,恭喜,396
3373,恭喜,490
3374,恭喜,337
3375,恭喜,245
3376,恭喜,224
3377,恭喜,236
3378,恭喜,248
3379,恭喜,286
3380,恭喜,285
3381,恭喜,229
3382,恭喜,1050
3383,恭喜,430
3384,恭喜,1241
3385,恭喜,207
3386,恭喜,226
3387,恭喜,685
3388,恭喜,232
3389,恭喜,1350
3390,恭喜,347
3391,恭喜,231
3392,恭喜,207
3393,恭喜,337
3394,恭喜,220
3395,恭喜,229
3396,恭喜,248
3397,恭喜,464
3398,恭喜,243
3399,恭喜,200
3400,恭喜,663
3401,恭喜,1853
3402,恭喜,228
3403,恭喜,1273
3404,任素,470
3405,任素,251
3406,任素,414
3407,任素,216
3408,任素,364
3409,任素,227
3410,任素,467
3411,任素,202
3412,任素,379
3413,任素,543
3414,任素,265
3415,任素,304
3416,任素,235
3417,任素,203
3418,任素,590
3419,任素,309
3420,任素,693
3421,任素,290
3422,任素,1011
3423,任素,753
3424,任素,308
3425,任素,2239
3426,任素,496
3427,任素,202
3428,任素,217
3429,任素,333
3430,任素,201
3431,任素,203
3432,任素,327
3433,任素,324
3434,任素,264
3435,任素,247
3436,任素,220
3437,任素,454
3438,任素,396
3439,任素,247
3440,任素,498
3441,任素,364
3442,任素,1336
3443,任素,269
3444,任素,279
3445,任素,950
3446,任素,240
3447,任素,239
3448,任素,241
3449,任素,253
3450,任素,369
3451,任素,200
3452,任素,429
3453,任素,223
3454,任素,255
3455,任素,287
3456,任素,287
3457,任素,593
3458,任素,234
3459,任素,239
3460,任素,389
3461,任素,409
3462,任素,255
3463,任素,300
3464,任素,288
3465,任素,551
3466,任素,862
3467,任素,224
3468,任素,838
3469,任素,213
3470,任素,236
3471,任素,232
3472,任素,215
3473,任素,200
3474,任素,318
3475,任素,234
3476,任素,257
3477,任素,250
3478,任素,589
3479,任素,397
3480,任素,410
3481,任素,449
3482,任素,273
3483,任素,267
3484,任素,418
3485,任素,362
3486,任素,546
3487,任素,522
3488,任素,253
3489,任素,400
3490,任素,294
3491,任素,1477
3492,任素,213
3493,任素,342
3494,任素,218
3495,任素,638
3496,任素,205
3497,任素,219
3498,任素,212
3499,任素,201
3500,任素,250
3501,任素,471
3502,任素,349
3503,任素,498
3504,任素,374
3505,任素,1301
3506,任素,308
3507,任素,609
3508,任素,217
3509,任素,295
3510,任素,328
3511,抄袭,221
3512,抄袭,210
3513,抄袭,886
3514,抄袭,373
3515,抄袭,684
3516,抄袭,223
3517,抄袭,214
3518,抄袭,200
3519,抄袭,4510
3520,抄袭,718
3521,抄袭,477
3522,抄袭,684
3523,抄袭,384
3524,抄袭,524
3525,抄袭,331
3526,抄袭,592
3527,抄袭,500
3528,抄袭,649
3529,抄袭,465
3530,抄袭,373
3531,抄袭,383
3532,抄袭,245
3533,抄袭,319
3534,抄袭,421
3535,抄袭,3374
3536,抄袭,460
3537,抄袭,258
3538,抄袭,241
3539,抄袭,1874
3540,抄袭,1686
3541,抄袭,221
3542,抄袭,578
3543,抄袭,251
3544,抄袭,879
3545,抄袭,1676
3546,抄袭,369
3547,抄袭,325
3548,抄袭,1241
3549,抄袭,247
3550,抄袭,370
3551,抄袭,308
3552,抄袭,205
3553,抄袭,210
3554,抄袭,1746
3555,抄袭,210
3556,抄袭,482
3557,抄袭,1976
3558,抄袭,311
3559,抄袭,282
3560,抄袭,761
3561,抄袭,3038
3562,抄袭,836
3563,抄袭,215
3564,抄袭,609
3565,抄袭,315
3566,抄袭,247
3567,抄袭,274
3568,抄袭,288
3569,抄袭,234
3570,抄袭,288
3571,抄袭,839
3572,抄袭,509
3573,抄袭,552
3574,抄袭,317
3575,抄袭,284
3576,抄袭,614
3577,抄袭,203
3578,抄袭,660
3579,抄袭,267
3580,抄袭,558
3581,抄袭,213
3582,抄袭,283
3583,抄袭,233
3584,抄袭,866
3585,抄袭,230
3586,抄袭,324
3587,抄袭,463
3588,抄袭,216
3589,抄袭,213
3590,抄袭,360
3591,抄袭,610
3592,抄袭,302
3593,抄袭,227
3594,抄袭,476
3595,抄袭,717
3596,抄袭,350
3597,抄袭,223
3598,抄袭,487
3599,抄袭,785
3600,抄袭,230
3601,抄袭,835
3602,抄袭,916
3603,抄袭,783
3604,抄袭,327
3605,抄袭,213
3606,抄袭,668
3607,抄袭,215
3608,抄袭,285
3609,抄袭,211
3610,抄袭,246
3611,抄袭,336
3612,抄袭,315
3613,抄袭,1756
3614,抄袭,1679
3615,抄袭,216
3616,抄袭,238
3617,抄袭,371
3618,妈妈,257
3619,妈妈,293
3620,妈妈,285
3621,妈妈,337
3622,妈妈,202
3623,妈妈,5199
3624,妈妈,208
3625,妈妈,449
3626,妈妈,506
3627,妈妈,896
3628,妈妈,451
3629,妈妈,440
3630,妈妈,204
3631,妈妈,551
3632,妈妈,829
3633,妈妈,225
3634,妈妈,207
3635,妈妈,945
3636,妈妈,238
3637,妈妈,801
3638,妈妈,264
3639,妈妈,1874
3640,妈妈,366
3641,妈妈,311
3642,妈妈,291
3643,妈妈,238
3644,妈妈,432
3645,妈妈,381
3646,妈妈,266
3647,妈妈,240
3648,妈妈,205
3649,妈妈,207
3650,妈妈,1111
3651,妈妈,219
3652,妈妈,345
3653,妈妈,211
3654,妈妈,684
3655,妈妈,759
3656,妈妈,448
3657,妈妈,238
3658,妈妈,305
3659,妈妈,254
3660,妈妈,342
3661,妈妈,267
3662,妈妈,266
3663,妈妈,396
3664,妈妈,252
3665,妈妈,698
3666,妈妈,234
3667,妈妈,261
3668,妈妈,1172
3669,妈妈,1067
3670,妈妈,686
3671,妈妈,1448
3672,妈妈,336
3673,妈妈,1267
3674,妈妈,1067
3675,妈妈,257
3676,妈妈,478
3677,妈妈,571
3678,妈妈,221
3679,妈妈,211
3680,妈妈,543
3681,妈妈,486
3682,妈妈,320
3683,妈妈,1746
3684,妈妈,279
3685,妈妈,409
3686,妈妈,262
3687,妈妈,406
3688,妈妈,237
3689,妈妈,392
3690,妈妈,227
3691,妈妈,268
3692,妈妈,763
3693,妈妈,629
3694,妈妈,289
3695,妈妈,293
3696,妈妈,298
3697,妈妈,432
3698,妈妈,328
3699,妈妈,260
3700,妈妈,430
3701,妈妈,207
3702,妈妈,269
3703,妈妈,489
3704,妈妈,243
3705,妈妈,599
3706,妈妈,239
3707,妈妈,522
3708,妈妈,209
3709,妈妈,1214
3710,妈妈,490
3711,妈妈,221
3712,妈妈,259
3713,妈妈,451
3714,妈妈,501
3715,妈妈,404
3716,妈妈,509
3717,妈妈,241
3718,妈妈,201
3719,妈妈,364
3720,妈妈,218
3721,妈妈,1185
3722,妈妈,1679
3723,现场,206
3724,现场,334
3725,现场,282
3726,现场,286
3727,现场,258
3728,现场,213
3729,现场,318
3730,现场,871
3731,现场,1801
3732,现场,781
3733,现场,278
3734,现场,310
3735,现场,472
3736,现场,218
3737,现场,520
3738,现场,639
3739,现场,412
3740,现场,223
3741,现场,1012
3742,现场,212
3743,现场,753
3744,现场,233
3745,现场,821
3746,现场,268
3747,现场,372
3748,现场,224
3749,现场,217
3750,现场,295
3751,现场,273
3752,现场,277
3753,现场,275
3754,现场,653
3755,现场,498
3756,现场,834
3757,现场,432
3758,现场,201
3759,现场,2103
3760,现场,496
3761,现场,219
3762,现场,377
3763,现场,515
3764,现场,306
3765,现场,359
3766,现场,603
3767,现场,304
3768,现场,246
3769,现场,218
3770,现场,240
3771,现场,204
3772,现场,216
3773,现场,302
3774,现场,379
3775,现场,282
3776,现场,227
3777,现场,227
3778,现场,243
3779,现场,288
3780,现场,273
3781,现场,229
3782,现场,303
3783,现场,213
3784,现场,389
3785,现场,379
3786,现场,420
3787,现场,319
3788,现场,202
3789,现场,262
3790,现场,378
3791,现场,527
3792,现场,375
3793,现场,1362
3794,现场,759
3795,现场,204
3796,现场,319
3797,现场,210
3798,现场,235
3799,现场,221
3800,现场,283
3801,现场,580
3802,现场,506
3803,现场,294
3804,现场,256
3805,现场,539
3806,现场,230
3807,现场,200
3808,现场,968
3809,现场,312
3810,现场,305
3811,现场,395
3812,现场,864
3813,现场,447
3814,现场,319
3815,现场,204
3816,现场,260
3817,现场,261
3818,现场,213
3819,现场,263
3820,现场,303
3821,现场,364
3822,现场,822
3823,现场,327
3824,a妹,306
3825,a妹,306
3826,a妹,255
3827,a妹,229
3828,a妹,305
3829,a妹,286
3830,a妹,228
3831,a妹,450
3832,a妹,275
3833,a妹,244
3834,a妹,266
3835,a妹,2439
3836,a妹,314
3837,a妹,2239
3838,a妹,343
3839,a妹,821
3840,a妹,365
3841,a妹,252
3842,a妹,836
3843,a妹,209
3844,a妹,209
3845,a妹,280
3846,a妹,280
3847,a妹,247
3848,a妹,1004
3849,a妹,277
3850,a妹,258
3851,a妹,1345
3852,a妹,359
3853,a妹,299
3854,a妹,334
3855,a妹,827
3856,a妹,219
3857,a妹,483
3858,a妹,1519
3859,a妹,216
3860,a妹,232
3861,a妹,240
3862,a妹,219
3863,a妹,342
3864,a妹,511
3865,a妹,444
3866,a妹,482
3867,a妹,299
3868,a妹,299
3869,a妹,842
3870,a妹,244
3871,a妹,329
3872,a妹,294
3873,a妹,238
3874,a妹,243
3875,a妹,319
3876,a妹,454
3877,a妹,419
3878,a妹,419
3879,a妹,634
3880,a妹,205
3881,a妹,205
3882,a妹,246
3883,a妹,242
3884,a妹,1143
3885,a妹,278
3886,a妹,695
3887,a妹,509
3888,a妹,345
3889,a妹,245
3890,a妹,395
3891,a妹,206
3892,a妹,258
3893,a妹,221
3894,a妹,268
3895,a妹,413
3896,a妹,227
3897,a妹,208
3898,a妹,584
3899,a妹,622
3900,a妹,249
3901,a妹,539
3902,a妹,228
3903,a妹,221
3904,a妹,379
3905,a妹,337
3906,a妹,245
3907,a妹,560
3908,a妹,473
3909,a妹,204
3910,a妹,260
3911,a妹,347
3912,a妹,346
3913,a妹,326
3914,a妹,215
3915,a妹,254
3916,a妹,215
3917,a妹,376
3918,a妹,228
3919,电视剧,216
3920,电视剧,464
3921,电视剧,369
3922,电视剧,310
3923,电视剧,1193
3924,电视剧,358
3925,电视剧,630
3926,电视剧,1701
3927,电视剧,1075
3928,电视剧,886
3929,电视剧,518
3930,电视剧,211
3931,电视剧,227
3932,电视剧,566
3933,电视剧,566
3934,电视剧,346
3935,电视剧,346
3936,电视剧,836
3937,电视剧,220
3938,电视剧,261
3939,电视剧,1780
3940,电视剧,248
3941,电视剧,438
3942,电视剧,641
3943,电视剧,208
3944,电视剧,324
3945,电视剧,520
3946,电视剧,231
3947,电视剧,359
3948,电视剧,209
3949,电视剧,536
3950,电视剧,911
3951,电视剧,210
3952,电视剧,242
3953,电视剧,200
3954,电视剧,260
3955,电视剧,223
3956,电视剧,275
3957,电视剧,230
3958,电视剧,1336
3959,电视剧,269
3960,电视剧,345
3961,电视剧,203
3962,电视剧,367
3963,电视剧,255
3964,电视剧,418
3965,电视剧,625
3966,电视剧,224
3967,电视剧,655
3968,电视剧,293
3969,电视剧,537
3970,电视剧,990
3971,电视剧,356
3972,电视剧,321
3973,电视剧,250
3974,电视剧,350
3975,电视剧,634
3976,电视剧,297
3977,电视剧,229
3978,电视剧,258
3979,电视剧,232
3980,电视剧,255
3981,电视剧,205
3982,电视剧,261
3983,电视剧,487
3984,电视剧,404
3985,电视剧,474
3986,电视剧,211
3987,电视剧,680
3988,电视剧,234
3989,电视剧,502
3990,电视剧,224
3991,电视剧,235
3992,电视剧,935
3993,电视剧,350
3994,电视剧,329
3995,电视剧,400
3996,电视剧,233
3997,电视剧,221
3998,电视剧,221
3999,电视剧,319
4000,电视剧,954
4001,电视剧,435
4002,电视剧,346
4003,电视剧,379
4004,电视剧,302
4005,电视剧,381
4006,电视剧,204
4007,电视剧,232
4008,电视剧,327
4009,电视剧,451
4010,电视剧,308
4011,电视剧,597
4012,电视剧,240
4013,毛不易,216
4014,毛不易,249
4015,毛不易,249
4016,毛不易,249
4017,毛不易,218
4018,毛不易,241
4019,毛不易,206
4020,毛不易,729
4021,毛不易,216
4022,毛不易,305
4023,毛不易,402
4024,毛不易,384
4025,毛不易,924
4026,毛不易,338
4027,毛不易,264
4028,毛不易,209
4029,毛不易,334
4030,毛不易,242
4031,毛不易,1874
4032,毛不易,287
4033,毛不易,204
4034,毛不易,516
4035,毛不易,808
4036,毛不易,613
4037,毛不易,551
4038,毛不易,308
4039,毛不易,253
4040,毛不易,400
4041,毛不易,1293
4042,毛不易,213
4043,毛不易,1305
4044,毛不易,295
4045,毛不易,203
4046,毛不易,209
4047,毛不易,1304
4048,毛不易,429
4049,毛不易,870
4050,毛不易,361
4051,毛不易,266
4052,毛不易,250
4053,毛不易,246
4054,毛不易,380
4055,毛不易,976
4056,毛不易,308
4057,毛不易,633
4058,毛不易,475
4059,毛不易,240
4060,毛不易,538
4061,毛不易,247
4062,毛不易,217
4063,毛不易,243
4064,毛不易,705
4065,毛不易,693
4066,毛不易,278
4067,毛不易,681
4068,毛不易,202
4069,毛不易,250
4070,毛不易,329
4071,毛不易,270
4072,毛不易,443
4073,毛不易,498
4074,毛不易,832
4075,毛不易,207
4076,毛不易,307
4077,毛不易,230
4078,毛不易,245
4079,毛不易,331
4080,毛不易,1086
4081,毛不易,202
4082,毛不易,373
4083,毛不易,286
4084,毛不易,1145
4085,毛不易,206
4086,毛不易,300
4087,毛不易,327
4088,毛不易,2237
4089,毛不易,219
4090,毛不易,204
4091,毛不易,3481
4092,毛不易,657
4093,毛不易,1377
4094,毛不易,409
4095,毛不易,897
4096,毛不易,1433
4097,毛不易,392
4098,毛不易,3382
4099,毛不易,742
4100,毛不易,291
4101,毛不易,389
4102,毛不易,204
4103,毛不易,212
4104,毛不易,491
4105,毛不易,1679
4106,老师,217
4107,老师,476
4108,老师,280
4109,老师,252
4110,老师,371
4111,老师,302
4112,老师,382
4113,老师,237
4114,老师,208
4115,老师,794
4116,老师,248
4117,老师,224
4118,老师,220
4119,老师,344
4120,老师,222
4121,老师,272
4122,老师,1022
4123,老师,338
4124,老师,418
4125,老师,315
4126,老师,593
4127,老师,440
4128,老师,520
4129,老师,231
4130,老师,214
4131,老师,575
4132,老师,783
4133,老师,228
4134,老师,296
4135,老师,2951
4136,老师,302
4137,老师,313
4138,老师,218
4139,老师,1692
4140,老师,297
4141,老师,207
4142,老师,667
4143,老师,240
4144,老师,543
4145,老师,201
4146,老师,308
4147,老师,224
4148,老师,1305
4149,老师,1976
4150,老师,218
4151,老师,475
4152,老师,280
4153,老师,229
4154,老师,1014
4155,老师,264
4156,老师,356
4157,老师,789
4158,老师,247
4159,老师,270
4160,老师,288
4161,老师,288
4162,老师,424
4163,老师,683
4164,老师,575
4165,老师,660
4166,老师,239
4167,老师,331
4168,老师,1046
4169,老师,230
4170,老师,530
4171,老师,221
4172,老师,572
4173,老师,500
4174,老师,225
4175,老师,323
4176,老师,739
4177,老师,360
4178,老师,380
4179,老师,205
4180,老师,553
4181,老师,296
4182,老师,299
4183,老师,3440
4184,老师,341
4185,老师,519
4186,老师,1145
4187,老师,552
4188,老师,200
4189,老师,1302
4190,老师,616
4191,老师,200
4192,老师,409
4193,老师,392
4194,老师,297
4195,老师,1086
4196,老师,1185
4197,老师,626
4198,老师,868
4199,版本,244
4200,版本,870
4201,版本,241
4202,版本,206
4203,版本,830
4204,版本,206
4205,版本,258
4206,版本,634
4207,版本,217
4208,版本,360
4209,版本,431
4210,版本,614
4211,版本,265
4212,版本,271
4213,版本,244
4214,版本,536
4215,版本,291
4216,版本,262
4217,版本,340
4218,版本,277
4219,版本,266
4220,版本,302
4221,版本,272
4222,版本,365
4223,版本,330
4224,版本,252
4225,版本,318
4226,版本,541
4227,版本,792
4228,版本,400
4229,版本,279
4230,版本,279
4231,版本,507
4232,版本,369
4233,版本,860
4234,版本,244
4235,版本,1304
4236,版本,201
4237,版本,285
4238,版本,809
4239,版本,243
4240,版本,239
4241,版本,248
4242,版本,409
4243,版本,335
4244,版本,377
4245,版本,315
4246,版本,334
4247,版本,282
4248,版本,310
4249,版本,345
4250,版本,367
4251,版本,308
4252,版本,412
4253,版本,200
4254,版本,285
4255,版本,216
4256,版本,359
4257,版本,3017
4258,版本,234
4259,版本,271
4260,版本,267
4261,版本,518
4262,版本,244
4263,版本,379
4264,版本,246
4265,版本,451
4266,版本,817
4267,版本,230
4268,版本,376
4269,版本,387
4270,版本,517
4271,版本,207
4272,版本,501
4273,版本,683
4274,版本,650
4275,版本,216
4276,版本,204
4277,版本,357
4278,版本,1145
4279,版本,2459
4280,版本,389
4281,版本,204
4282,版本,212
4283,版本,1080
4284,版本,1745
4285,版本,238
4286,版本,297
4287,版本,328
4288,孙燕姿,763
4289,孙燕姿,334
4290,孙燕姿,400
4291,孙燕姿,279
4292,孙燕姿,217
4293,孙燕姿,200
4294,孙燕姿,202
4295,孙燕姿,204
4296,孙燕姿,246
4297,孙燕姿,257
4298,孙燕姿,496
4299,孙燕姿,342
4300,孙燕姿,336
4301,孙燕姿,377
4302,孙燕姿,285
4303,孙燕姿,200
4304,孙燕姿,1592
4305,孙燕姿,419
4306,孙燕姿,320
4307,孙燕姿,231
4308,孙燕姿,313
4309,孙燕姿,1028
4310,孙燕姿,565
4311,孙燕姿,283
4312,孙燕姿,366
4313,孙燕姿,4995
4314,孙燕姿,5953
4315,孙燕姿,467
4316,孙燕姿,3628
4317,孙燕姿,482
4318,孙燕姿,935
4319,孙燕姿,5353
4320,孙燕姿,403
4321,孙燕姿,397
4322,孙燕姿,231
4323,孙燕姿,301
4324,孙燕姿,248
4325,孙燕姿,339
4326,孙燕姿,762
4327,孙燕姿,762
4328,孙燕姿,214
4329,孙燕姿,1047
4330,孙燕姿,275
4331,孙燕姿,232
4332,孙燕姿,664
4333,孙燕姿,334
4334,孙燕姿,290
4335,孙燕姿,1035
4336,孙燕姿,1854
4337,孙燕姿,257
4338,孙燕姿,497
4339,孙燕姿,276
4340,孙燕姿,249
4341,孙燕姿,250
4342,孙燕姿,255
4343,孙燕姿,224
4344,孙燕姿,258
4345,孙燕姿,232
4346,孙燕姿,716
4347,孙燕姿,334
4348,孙燕姿,3017
4349,孙燕姿,202
4350,孙燕姿,245
4351,孙燕姿,382
4352,孙燕姿,257
4353,孙燕姿,882
4354,孙燕姿,485
4355,孙燕姿,449
4356,孙燕姿,256
4357,孙燕姿,400
4358,孙燕姿,280
4359,孙燕姿,280
4360,孙燕姿,347
4361,孙燕姿,592
4362,孙燕姿,234
4363,孙燕姿,365
4364,孙燕姿,250
4365,孙燕姿,302
4366,孙燕姿,232
4367,孙燕姿,285
4368,孙燕姿,1080
4369,孙燕姿,701
4370,孙燕姿,238
4371,孙燕姿,407
4372,孙燕姿,1273
4373,孙燕姿,480
4374,祝福,294
4375,祝福,459
4376,祝福,251
4377,祝福,356
4378,祝福,252
4379,祝福,236
4380,祝福,233
4381,祝福,304
4382,祝福,290
4383,祝福,450
4384,祝福,1131
4385,祝福,305
4386,祝福,236
4387,祝福,228
4388,祝福,501
4389,祝福,234
4390,祝福,684
4391,祝福,490
4392,祝福,239
4393,祝福,213
4394,祝福,230
4395,祝福,391
4396,祝福,250
4397,祝福,324
4398,祝福,519
4399,祝福,1084
4400,祝福,493
4401,祝福,240
4402,祝福,248
4403,祝福,359
4404,祝福,525
4405,祝福,1419
4406,祝福,401
4407,祝福,670
4408,祝福,477
4409,祝福,339
4410,祝福,1428
4411,祝福,285
4412,祝福,293
4413,祝福,202
4414,祝福,1523
4415,祝福,258
4416,祝福,283
4417,祝福,367
4418,祝福,580
4419,祝福,397
4420,祝福,231
4421,祝福,698
4422,祝福,564
4423,祝福,298
4424,祝福,210
4425,祝福,220
4426,祝福,622
4427,祝福,204
4428,祝福,508
4429,祝福,313
4430,祝福,551
4431,祝福,215
4432,祝福,424
4433,祝福,274
4434,祝福,460
4435,祝福,693
4436,祝福,524
4437,祝福,290
4438,祝福,241
4439,祝福,558
4440,祝福,265
4441,祝福,237
4442,祝福,396
4443,祝福,203
4444,祝福,1993
4445,祝福,2494
4446,祝福,236
4447,祝福,248
4448,祝福,265
4449,祝福,277
4450,祝福,238
4451,祝福,582
4452,祝福,450
4453,祝福,214
4454,祝福,216
4455,祝福,346
4456,祝福,586
4457,祝福,226
4458,祝福,236
4459,祝福,1273
4460,说唱,217
4461,说唱,1094
4462,说唱,426
4463,说唱,226
4464,说唱,208
4465,说唱,202
4466,说唱,394
4467,说唱,223
4468,说唱,276
4469,说唱,222
4470,说唱,372
4471,说唱,344
4472,说唱,222
4473,说唱,306
4474,说唱,829
4475,说唱,292
4476,说唱,494
4477,说唱,297
4478,说唱,308
4479,说唱,1985
4480,说唱,2291
4481,说唱,266
4482,说唱,426
4483,说唱,219
4484,说唱,377
4485,说唱,607
4486,说唱,237
4487,说唱,265
4488,说唱,324
4489,说唱,280
4490,说唱,2140
4491,说唱,214
4492,说唱,225
4493,说唱,296
4494,说唱,206
4495,说唱,838
4496,说唱,213
4497,说唱,216
4498,说唱,215
4499,说唱,205
4500,说唱,349
4501,说唱,366
4502,说唱,242
4503,说唱,266
4504,说唱,353
4505,说唱,263
4506,说唱,518
4507,说唱,541
4508,说唱,213
4509,说唱,968
4510,说唱,340
4511,说唱,2663
4512,说唱,200
4513,说唱,847
4514,说唱,708
4515,说唱,261
4516,说唱,284
4517,说唱,717
4518,说唱,280
4519,说唱,262
4520,说唱,375
4521,说唱,353
4522,说唱,1839
4523,说唱,320
4524,说唱,347
4525,说唱,207
4526,说唱,947
4527,说唱,237
4528,说唱,1210
4529,说唱,200
4530,说唱,210
4531,说唱,205
4532,说唱,221
4533,说唱,547
4534,说唱,275
4535,说唱,274
4536,说唱,235
4537,说唱,707
4538,说唱,336
4539,说唱,1302
4540,说唱,616
4541,说唱,200
4542,说唱,1194
4543,说唱,2731
4544,说唱,340
4545,ky,273
4546,ky,311
4547,ky,371
4548,ky,310
4549,ky,358
4550,ky,1701
4551,ky,1075
4552,ky,886
4553,ky,518
4554,ky,386
4555,ky,686
4556,ky,1022
4557,ky,688
4558,ky,243
4559,ky,460
4560,ky,407
4561,ky,216
4562,ky,237
4563,ky,746
4564,ky,221
4565,ky,261
4566,ky,451
4567,ky,445
4568,ky,200
4569,ky,222
4570,ky,307
4571,ky,238
4572,ky,667
4573,ky,332
4574,ky,330
4575,ky,307
4576,ky,377
4577,ky,242
4578,ky,242
4579,ky,208
4580,ky,1201
4581,ky,1298
4582,ky,411
4583,ky,770
4584,ky,635
4585,ky,333
4586,ky,277
4587,ky,203
4588,ky,559
4589,ky,339
4590,ky,410
4591,ky,690
4592,ky,481
4593,ky,1083
4594,ky,509
4595,ky,210
4596,ky,213
4597,ky,315
4598,ky,731
4599,ky,227
4600,ky,359
4601,ky,354
4602,ky,250
4603,ky,315
4604,ky,257
4605,ky,340
4606,ky,202
4607,ky,240
4608,ky,264
4609,ky,445
4610,ky,210
4611,ky,800
4612,ky,479
4613,ky,250
4614,ky,514
4615,ky,223
4616,ky,484
4617,ky,220
4618,ky,549
4619,ky,1183
4620,ky,304
4621,ky,263
4622,ky,211
4623,ky,220
4624,ky,296
4625,ky,210
4626,ky,222
4627,ky,559
4628,ky,1679
4629,ky,576
4630,新飞,455
4631,新飞,225
4632,新飞,338
4633,新飞,231
4634,新飞,794
4635,新飞,258
4636,新飞,425
4637,新飞,337
4638,新飞,460
4639,新飞,1879
4640,新飞,379
4641,新飞,860
4642,新飞,216
4643,新飞,593
4644,新飞,1121
4645,新飞,235
4646,新飞,2439
4647,新飞,405
4648,新飞,3473
4649,新飞,640
4650,新飞,260
4651,新飞,220
4652,新飞,239
4653,新飞,267
4654,新飞,207
4655,新飞,1011
4656,新飞,347
4657,新飞,1452
4658,新飞,490
4659,新飞,847
4660,新飞,552
4661,新飞,231
4662,新飞,496
4663,新飞,395
4664,新飞,960
4665,新飞,212
4666,新飞,376
4667,新飞,363
4668,新飞,591
4669,新飞,591
4670,新飞,374
4671,新飞,840
4672,新飞,747
4673,新飞,238
4674,新飞,740
4675,新飞,956
4676,新飞,637
4677,新飞,350
4678,新飞,248
4679,新飞,248
4680,新飞,543
4681,新飞,250
4682,新飞,268
4683,新飞,445
4684,新飞,1879
4685,新飞,256
4686,新飞,432
4687,新飞,342
4688,新飞,255
4689,新飞,260
4690,新飞,202
4691,新飞,365
4692,新飞,286
4693,新飞,689
4694,新飞,318
4695,新飞,355
4696,新飞,204
4697,新飞,744
4698,新飞,396
4699,新飞,203
4700,新飞,264
4701,新飞,285
4702,新飞,214
4703,新飞,245
4704,新飞,215
4705,新飞,210
4706,新飞,273
4707,新飞,262
4708,新飞,625
4709,新飞,229
4710,新飞,262
4711,新飞,224
4712,新飞,336
4713,新飞,277
4714,肖战,494
4715,肖战,477
4716,肖战,220
4717,肖战,286
4718,肖战,214
4719,肖战,476
4720,肖战,1697
4721,肖战,497
4722,肖战,248
4723,肖战,684
4724,肖战,260
4725,肖战,270
4726,肖战,592
4727,肖战,282
4728,肖战,317
4729,肖战,220
4730,肖战,548
4731,肖战,299
4732,肖战,267
4733,肖战,321
4734,肖战,671
4735,肖战,204
4736,肖战,246
4737,肖战,219
4738,肖战,418
4739,肖战,1033
4740,肖战,1523
4741,肖战,730
4742,肖战,367
4743,肖战,755
4744,肖战,223
4745,肖战,382
4746,肖战,307
4747,肖战,339
4748,肖战,389
4749,肖战,571
4750,肖战,1713
4751,肖战,217
4752,肖战,254
4753,肖战,215
4754,肖战,576
4755,肖战,693
4756,肖战,784
4757,肖战,268
4758,肖战,379
4759,肖战,270
4760,肖战,366
4761,肖战,622
4762,肖战,234
4763,肖战,518
4764,肖战,366
4765,肖战,2881
4766,肖战,509
4767,肖战,255
4768,肖战,648
4769,肖战,800
4770,肖战,2494
4771,肖战,376
4772,肖战,294
4773,肖战,2752
4774,肖战,727
4775,肖战,248
4776,肖战,464
4777,肖战,221
4778,肖战,350
4779,肖战,503
4780,肖战,205
4781,肖战,245
4782,肖战,279
4783,肖战,265
4784,肖战,1762
4785,肖战,773
4786,肖战,1043
4787,肖战,246
4788,肖战,323
4789,肖战,476
4790,肖战,231
4791,肖战,222
4792,肖战,287
4793,肖战,960
4794,肖战,212
4795,吴亦凡,202
4796,吴亦凡,394
4797,吴亦凡,276
4798,吴亦凡,222
4799,吴亦凡,222
4800,吴亦凡,372
4801,吴亦凡,220
4802,吴亦凡,301
4803,吴亦凡,221
4804,吴亦凡,344
4805,吴亦凡,222
4806,吴亦凡,273
4807,吴亦凡,306
4808,吴亦凡,246
4809,吴亦凡,269
4810,吴亦凡,253
4811,吴亦凡,248
4812,吴亦凡,465
4813,吴亦凡,256
4814,吴亦凡,1204
4815,吴亦凡,225
4816,吴亦凡,258
4817,吴亦凡,236
4818,吴亦凡,297
4819,吴亦凡,297
4820,吴亦凡,321
4821,吴亦凡,336
4822,吴亦凡,421
4823,吴亦凡,305
4824,吴亦凡,2951
4825,吴亦凡,236
4826,吴亦凡,474
4827,吴亦凡,266
4828,吴亦凡,254
4829,吴亦凡,299
4830,吴亦凡,607
4831,吴亦凡,607
4832,吴亦凡,237
4833,吴亦凡,317
4834,吴亦凡,285
4835,吴亦凡,225
4836,吴亦凡,346
4837,吴亦凡,650
4838,吴亦凡,366
4839,吴亦凡,2644
4840,吴亦凡,10130
4841,吴亦凡,256
4842,吴亦凡,294
4843,吴亦凡,206
4844,吴亦凡,331
4845,吴亦凡,260
4846,吴亦凡,322
4847,吴亦凡,403
4848,吴亦凡,463
4849,吴亦凡,312
4850,吴亦凡,323
4851,吴亦凡,847
4852,吴亦凡,648
4853,吴亦凡,267
4854,吴亦凡,2461
4855,吴亦凡,277
4856,吴亦凡,717
4857,吴亦凡,864
4858,吴亦凡,253
4859,吴亦凡,292
4860,吴亦凡,259
4861,吴亦凡,327
4862,吴亦凡,241
4863,吴亦凡,947
4864,吴亦凡,727
4865,吴亦凡,570
4866,吴亦凡,260
4867,吴亦凡,799
4868,吴亦凡,302
4869,吴亦凡,289
4870,吴亦凡,263
4871,吴亦凡,2731
4872,吴亦凡,241
4873,吴亦凡,845
4874,吴亦凡,269
4875,吴亦凡,340
4876,大学,231
4877,大学,333
4878,大学,729
4879,大学,233
4880,大学,219
4881,大学,1060
4882,大学,293
4883,大学,210
4884,大学,207
4885,大学,233
4886,大学,1551
4887,大学,336
4888,大学,996
4889,大学,301
4890,大学,1139
4891,大学,282
4892,大学,244
4893,大学,246
4894,大学,281
4895,大学,200
4896,大学,220
4897,大学,273
4898,大学,371
4899,大学,369
4900,大学,207
4901,大学,204
4902,大学,379
4903,大学,264
4904,大学,336
4905,大学,260
4906,大学,246
4907,大学,313
4908,大学,752
4909,大学,326
4910,大学,204
4911,大学,429
4912,大学,596
4913,大学,222
4914,大学,200
4915,大学,241
4916,大学,318
4917,大学,208
4918,大学,275
4919,大学,218
4920,大学,227
4921,大学,201
4922,大学,293
4923,大学,223
4924,大学,253
4925,大学,299
4926,大学,418
4927,大学,236
4928,大学,358
4929,大学,391
4930,大学,346
4931,大学,231
4932,大学,210
4933,大学,205
4934,大学,210
4935,大学,295
4936,大学,227
4937,大学,329
4938,大学,849
4939,大学,202
4940,大学,546
4941,大学,201
4942,大学,341
4943,大学,203
4944,大学,360
4945,大学,347
4946,大学,412
4947,大学,2936
4948,大学,259
4949,大学,466
4950,大学,234
4951,大学,332
4952,大学,1143
4953,大学,311
4954,大学,209
4955,视频,245
4956,视频,234
4957,视频,226
4958,视频,2425
4959,视频,477
4960,视频,294
4961,视频,256
4962,视频,407
4963,视频,695
4964,视频,1012
4965,视频,209
4966,视频,562
4967,视频,564
4968,视频,446
4969,视频,711
4970,视频,497
4971,视频,268
4972,视频,283
4973,视频,460
4974,视频,313
4975,视频,808
4976,视频,257
4977,视频,247
4978,视频,359
4979,视频,2534
4980,视频,251
4981,视频,213
4982,视频,285
4983,视频,542
4984,视频,205
4985,视频,210
4986,视频,248
4987,视频,261
4988,视频,403
4989,视频,223
4990,视频,239
4991,视频,449
4992,视频,296
4993,视频,286
4994,视频,379
4995,视频,421
4996,视频,207
4997,视频,242
4998,视频,247
4999,视频,665
5000,视频,200
5001,视频,243
5002,视频,213
5003,视频,420
5004,视频,211
5005,视频,333
5006,视频,571
5007,视频,331
5008,视频,239
5009,视频,239
5010,视频,284
5011,视频,442
5012,视频,218
5013,视频,419
5014,视频,205
5015,视频,406
5016,视频,216
5017,视频,638
5018,视频,226
5019,视频,424
5020,视频,281
5021,视频,1027
5022,视频,559
5023,视频,303
5024,视频,239
5025,视频,683
5026,视频,215
5027,视频,552
5028,视频,409
5029,视频,432
5030,视频,376
5031,视频,822
5032,下雨,350
5033,下雨,350
5034,下雨,446
5035,下雨,446
5036,下雨,605
5037,下雨,605
5038,下雨,540
5039,下雨,540
5040,下雨,265
5041,下雨,1088
5042,下雨,719
5043,下雨,224
5044,下雨,371
5045,下雨,369
5046,下雨,260
5047,下雨,223
5048,下雨,223
5049,下雨,201
5050,下雨,324
5051,下雨,270
5052,下雨,848
5053,下雨,554
5054,下雨,450
5055,下雨,279
5056,下雨,255
5057,下雨,210
5058,下雨,201
5059,下雨,227
5060,下雨,218
5061,下雨,247
5062,下雨,221
5063,下雨,331
5064,下雨,326
5065,下雨,287
5066,下雨,479
5067,下雨,1047
5068,下雨,1047
5069,下雨,1798
5070,下雨,1033
5071,下雨,276
5072,下雨,301
5073,下雨,241
5074,下雨,232
5075,下雨,287
5076,下雨,227
5077,下雨,238
5078,下雨,204
5079,下雨,442
5080,下雨,372
5081,下雨,203
5082,下雨,263
5083,下雨,202
5084,下雨,360
5085,下雨,257
5086,下雨,205
5087,下雨,467
5088,下雨,460
5089,下雨,235
5090,下雨,390
5091,下雨,260
5092,下雨,206
5093,下雨,261
5094,下雨,201
5095,下雨,396
5096,下雨,240
5097,下雨,240
5098,下雨,1324
5099,下雨,1324
5100,下雨,764
5101,下雨,764
5102,下雨,1289
5103,下雨,1289
5104,下雨,2121
5105,下雨,2121
5106,下雨,237
5107,格莱美,511
5108,格莱美,1292
5109,格莱美,282
5110,格莱美,287
5111,格莱美,287
5112,格莱美,540
5113,格莱美,306
5114,格莱美,229
5115,格莱美,427
5116,格莱美,215
5117,格莱美,211
5118,格莱美,250
5119,格莱美,529
5120,格莱美,227
5121,格莱美,2558
5122,格莱美,591
5123,格莱美,216
5124,格莱美,827
5125,格莱美,215
5126,格莱美,770
5127,格莱美,426
5128,格莱美,299
5129,格莱美,256
5130,格莱美,201
5131,格莱美,874
5132,格莱美,317
5133,格莱美,640
5134,格莱美,223
5135,格莱美,356
5136,格莱美,235
5137,格莱美,246
5138,格莱美,208
5139,格莱美,313
5140,格莱美,223
5141,格莱美,270
5142,格莱美,324
5143,格莱美,205
5144,格莱美,258
5145,格莱美,222
5146,格莱美,413
5147,格莱美,381
5148,格莱美,584
5149,格莱美,228
5150,格莱美,866
5151,格莱美,226
5152,格莱美,279
5153,格莱美,253
5154,格莱美,219
5155,格莱美,378
5156,格莱美,337
5157,格莱美,245
5158,格莱美,447
5159,格莱美,835
5160,格莱美,286
5161,格莱美,285
5162,格莱美,685
5163,格莱美,316
5164,格莱美,347
5165,格莱美,215
5166,格莱美,663
5167,格莱美,241
5168,格莱美,363
5169,豆芽,208
5170,豆芽,202
5171,豆芽,316
5172,豆芽,207
5173,豆芽,344
5174,豆芽,222
5175,豆芽,273
5176,豆芽,272
5177,豆芽,208
5178,豆芽,301
5179,豆芽,1022
5180,豆芽,421
5181,豆芽,245
5182,豆芽,276
5183,豆芽,494
5184,豆芽,211
5185,豆芽,321
5186,豆芽,336
5187,豆芽,308
5188,豆芽,265
5189,豆芽,474
5190,豆芽,268
5191,豆芽,256
5192,豆芽,294
5193,豆芽,806
5194,豆芽,353
5195,豆芽,263
5196,豆芽,541
5197,豆芽,322
5198,豆芽,572
5199,豆芽,2663
5200,豆芽,200
5201,豆芽,396
5202,豆芽,490
5203,豆芽,3598
5204,豆芽,739
5205,豆芽,261
5206,豆芽,284
5207,豆芽,395
5208,豆芽,717
5209,豆芽,280
5210,豆芽,817
5211,豆芽,259
5212,豆芽,294
5213,豆芽,253
5214,豆芽,1839
5215,豆芽,337
5216,豆芽,1750
5217,豆芽,237
5218,豆芽,1210
5219,豆芽,205
5220,豆芽,235
5221,豆芽,707
5222,豆芽,390
5223,豆芽,336
5224,豆芽,1302
5225,豆芽,616
5226,豆芽,200
5227,豆芽,490
5228,豆芽,1194
5229,豆芽,475
5230,豆芽,340
5231,creeper,220
5232,creeper,389
5233,creeper,560
5234,creeper,232
5235,creeper,362
5236,creeper,360
5237,creeper,252
5238,creeper,233
5239,creeper,235
5240,creeper,236
5241,creeper,427
5242,creeper,801
5243,creeper,891
5244,creeper,255
5245,creeper,210
5246,creeper,622
5247,creeper,622
5248,creeper,622
5249,creeper,226
5250,creeper,473
5251,creeper,282
5252,creeper,219
5253,creeper,244
5254,creeper,354
5255,creeper,209
5256,creeper,325
5257,creeper,509
5258,creeper,376
5259,creeper,349
5260,creeper,334
5261,creeper,1976
5262,creeper,834
5263,creeper,597
5264,creeper,219
5265,creeper,211
5266,creeper,332
5267,creeper,589
5268,creeper,301
5269,creeper,301
5270,creeper,207
5271,creeper,231
5272,creeper,237
5273,creeper,575
5274,creeper,390
5275,creeper,221
5276,creeper,260
5277,creeper,683
5278,creeper,222
5279,creeper,330
5280,creeper,519
5281,creeper,228
5282,creeper,214
5283,creeper,388
5284,creeper,247
5285,creeper,364
5286,creeper,212
5287,creeper,394
5288,节目,285
5289,节目,729
5290,节目,238
5291,节目,223
5292,节目,202
5293,节目,394
5294,节目,372
5295,节目,229
5296,节目,283
5297,节目,2291
5298,节目,313
5299,节目,305
5300,节目,308
5301,节目,252
5302,节目,359
5303,节目,224
5304,节目,505
5305,节目,482
5306,节目,482
5307,节目,200
5308,节目,301
5309,节目,1284
5310,节目,282
5311,节目,247
5312,节目,840
5313,节目,1096
5314,节目,327
5315,节目,327
5316,节目,283
5317,节目,389
5318,节目,614
5319,节目,200
5320,节目,227
5321,节目,376
5322,节目,315
5323,节目,346
5324,节目,214
5325,节目,229
5326,节目,234
5327,节目,256
5328,节目,294
5329,节目,353
5330,节目,267
5331,节目,263
5332,节目,244
5333,节目,312
5334,节目,235
5335,节目,280
5336,节目,517
5337,节目,611
5338,节目,237
5339,节目,260
5340,节目,275
5341,节目,236
5342,节目,340
5343,祖国,257
5344,祖国,293
5345,祖国,571
5346,祖国,373
5347,祖国,222
5348,祖国,240
5349,祖国,5199
5350,祖国,945
5351,祖国,237
5352,祖国,314
5353,祖国,1111
5354,祖国,238
5355,祖国,221
5356,祖国,1428
5357,祖国,597
5358,祖国,261
5359,祖国,616
5360,祖国,616
5361,祖国,276
5362,祖国,615
5363,祖国,7645
5364,祖国,385
5365,祖国,1172
5366,祖国,216
5367,祖国,206
5368,祖国,1067
5369,祖国,1451
5370,祖国,1451
5371,祖国,298
5372,祖国,203
5373,祖国,290
5374,祖国,3578
5375,祖国,3578
5376,祖国,244
5377,祖国,430
5378,祖国,214
5379,祖国,5392
5380,祖国,214
5381,祖国,277
5382,祖国,509
5383,祖国,489
5384,祖国,301
5385,祖国,244
5386,祖国,4718
5387,祖国,685
5388,祖国,285
5389,祖国,206
5390,祖国,446
5391,祖国,271
5392,祖国,236
5393,祖国,659
5394,祖国,471
5395,祖国,250
5396,祖国,652
5397,愚人节,438
5398,愚人节,413
5399,愚人节,563
5400,愚人节,246
5401,愚人节,289
5402,愚人节,582
5403,愚人节,493
5404,愚人节,566
5405,愚人节,202
5406,愚人节,304
5407,愚人节,569
5408,愚人节,3936
5409,愚人节,258
5410,愚人节,1000
5411,愚人节,1050
5412,愚人节,700
5413,愚人节,1014
5414,愚人节,724
5415,愚人节,1133
5416,愚人节,225
5417,愚人节,297
5418,愚人节,234
5419,愚人节,487
5420,愚人节,646
5421,愚人节,613
5422,愚人节,799
5423,愚人节,798
5424,愚人节,578
5425,愚人节,621
5426,愚人节,639
5427,愚人节,401
5428,愚人节,550
5429,愚人节,712
5430,愚人节,1365
5431,愚人节,210
5432,愚人节,420
5433,愚人节,466
5434,愚人节,1477
5435,愚人节,284
5436,愚人节,479
5437,愚人节,1244
5438,愚人节,261
5439,愚人节,202
5440,愚人节,719
5441,愚人节,818
5442,愚人节,942
5443,愚人节,1112
5444,愚人节,413
5445,愚人节,224
5446,愚人节,223
5447,愚人节,301
5448,愚人节,269
5449,愚人节,286
5450,新歌声,648
5451,新歌声,311
5452,新歌声,411
5453,新歌声,217
5454,新歌声,217
5455,新歌声,307
5456,新歌声,281
5457,新歌声,2403
5458,新歌声,236
5459,新歌声,324
5460,新歌声,2091
5461,新歌声,282
5462,新歌声,614
5463,新歌声,473
5464,新歌声,585
5465,新歌声,201
5466,新歌声,387
5467,新歌声,280
5468,新歌声,207
5469,新歌声,243
5470,新歌声,237
5471,新歌声,251
5472,新歌声,222
5473,新歌声,231
5474,新歌声,201
5475,新歌声,330
5476,新歌声,353
5477,新歌声,329
5478,新歌声,1373
5479,新歌声,205
5480,新歌声,319
5481,新歌声,214
5482,新歌声,329
5483,新歌声,250
5484,新歌声,224
5485,新歌声,230
5486,新歌声,578
5487,新歌声,214
5488,新歌声,252
5489,新歌声,596
5490,新歌声,245
5491,新歌声,379
5492,新歌声,1016
5493,新歌声,780
5494,新歌声,781
5495,新歌声,374
5496,小宇,384
5497,小宇,410
5498,小宇,379
5499,小宇,262
5500,小宇,427
5501,小宇,427
5502,小宇,384
5503,小宇,216
5504,小宇,363
5505,小宇,310
5506,小宇,632
5507,小宇,582
5508,小宇,218
5509,小宇,1754
5510,小宇,426
5511,小宇,400
5512,小宇,698
5513,小宇,349
5514,小宇,214
5515,小宇,214
5516,小宇,207
5517,小宇,916
5518,小宇,292
5519,小宇,211
5520,小宇,210
5521,小宇,257
5522,小宇,817
5523,小宇,349
5524,小宇,299
5525,小宇,230
5526,小宇,287
5527,小宇,230
5528,小宇,253
5529,小宇,213
5530,小宇,517
5531,小宇,202
5532,小宇,278
5533,小宇,228
5534,小宇,356
5535,小宇,216
5536,小宇,285
5537,小宇,291
5538,小宇,650
5539,小宇,496
5540,小宇,287
5541,时光,333
5542,时光,310
5543,时光,233
5544,时光,219
5545,时光,506
5546,时光,248
5547,时光,224
5548,时光,924
5549,时光,452
5550,时光,467
5551,时光,334
5552,时光,402
5553,时光,205
5554,时光,496
5555,时光,202
5556,时光,317
5557,时光,295
5558,时光,204
5559,时光,242
5560,时光,211
5561,时光,238
5562,时光,423
5563,时光,842
5564,时光,374
5565,时光,358
5566,时光,239
5567,时光,1035
5568,时光,537
5569,时光,206
5570,时光,210
5571,时光,329
5572,时光,235
5573,时光,308
5574,时光,546
5575,时光,360
5576,时光,233
5577,时光,213
5578,时光,236
5579,时光,551
5580,时光,558
5581,时光,1489
5582,时光,897
5583,星星,470
5584,星星,794
5585,星星,794
5586,星星,212
5587,星星,204
5588,星星,369
5589,星星,369
5590,星星,268
5591,星星,279
5592,星星,325
5593,星星,601
5594,星星,1129
5595,星星,252
5596,星星,740
5597,星星,1121
5598,星星,273
5599,星星,327
5600,星星,346
5601,星星,490
5602,星星,323
5603,星星,209
5604,星星,1430
5605,星星,209
5606,星星,225
5607,星星,224
5608,星星,279
5609,星星,386
5610,星星,359
5611,星星,209
5612,星星,1072
5613,星星,324
5614,星星,220
5615,星星,228
5616,星星,426
5617,星星,383
5618,星星,273
5619,星星,916
5620,星星,786
5621,星星,228
5622,必胜,375
5623,必胜,256
5624,必胜,1139
5625,必胜,551
5626,必胜,551
5627,必胜,461
5628,必胜,215
5629,必胜,575
5630,必胜,371
5631,必胜,228
5632,必胜,217
5633,必胜,264
5634,必胜,253
5635,必胜,294
5636,必胜,511
5637,必胜,303
5638,必胜,337
5639,必胜,471
5640,必胜,600
5641,必胜,466
5642,必胜,209
5643,必胜,310
5644,必胜,529
5645,必胜,391
5646,必胜,363
5647,必胜,690
5648,必胜,331
5649,必胜,244
5650,必胜,889
5651,必胜,4977
5652,必胜,207
5653,必胜,406
5654,必胜,584
5655,必胜,543
5656,必胜,250
5657,同学,232
5658,同学,503
5659,同学,212
5660,同学,423
5661,同学,217
5662,同学,225
5663,同学,230
5664,同学,575
5665,同学,231
5666,同学,217
5667,同学,302
5668,同学,261
5669,同学,295
5670,同学,224
5671,同学,412
5672,同学,436
5673,同学,208
5674,同学,419
5675,同学,266
5676,同学,266
5677,同学,444
5678,同学,225
5679,同学,391
5680,同学,825
5681,同学,346
5682,同学,231
5683,同学,206
5684,同学,250
5685,同学,350
5686,同学,226
5687,同学,709
5688,同学,316
5689,同学,331
5690,同学,404
5691,同学,217
5692,介猴,302
5693,介猴,201
5694,介猴,478
5695,介猴,237
5696,介猴,377
5697,介猴,351
5698,介猴,635
5699,介猴,356
5700,介猴,280
5701,介猴,207
5702,介猴,245
5703,介猴,282
5704,介猴,320
5705,介猴,201
5706,介猴,218
5707,介猴,250
5708,介猴,225
5709,介猴,1728
5710,介猴,306
5711,介猴,478
5712,介猴,260
5713,介猴,225
5714,介猴,1004
5715,介猴,395
5716,介猴,268
5717,介猴,222
5718,介猴,797
5719,介猴,224
5720,介猴,350
5721,介猴,779
5722,介猴,252
5723,介猴,237
5724,介猴,563
5725,介猴,1075
5726,裤带,359
5727,裤带,247
5728,裤带,319
5729,裤带,360
5730,裤带,252
5731,裤带,594
5732,裤带,500
5733,裤带,209
5734,裤带,262
5735,裤带,550
5736,裤带,210
5737,裤带,283
5738,裤带,283
5739,裤带,372
5740,裤带,1517
5741,裤带,222
5742,裤带,237
5743,裤带,211
5744,裤带,2328
5745,裤带,759
5746,裤带,448
5747,裤带,335
5748,裤带,816
5749,裤带,527
5750,裤带,219
5751,裤带,432
5752,裤带,244
5753,裤带,244
5754,裤带,206
5755,裤带,418
5756,裤带,435
5757,裤带,341
5758,裤带,252
5759,明白,301
5760,明白,432
5761,明白,939
5762,明白,342
5763,明白,284
5764,明白,201
5765,明白,280
5766,明白,411
5767,明白,212
5768,明白,300
5769,明白,269
5770,明白,506
5771,明白,234
5772,明白,388
5773,明白,911
5774,明白,200
5775,明白,211
5776,明白,430
5777,明白,267
5778,明白,230
5779,明白,936
5780,明白,224
5781,明白,603
5782,明白,271
5783,明白,219
5784,明白,232
5785,明白,427
5786,明白,206
5787,明白,257
5788,明白,296
5789,明白,248
5790,明白,250
5791,老大,302
5792,老大,201
5793,老大,478
5794,老大,237
5795,老大,377
5796,老大,1333
5797,老大,626
5798,老大,2404
5799,老大,2906
5800,老大,238
5801,老大,430
5802,老大,376
5803,老大,1219
5804,老大,1146
5805,老大,615
5806,老大,1043
5807,老大,285
5808,老大,1113
5809,老大,262
5810,老大,678
5811,老大,213
5812,老大,464
5813,老大,1179
5814,老大,213
5815,老大,5720
5816,老大,249
5817,老大,1069
5818,老大,499
5819,老大,1232
5820,老大,654
5821,老大,779
5822,黄家驹,336
5823,黄家驹,423
5824,黄家驹,842
5825,黄家驹,374
5826,黄家驹,364
5827,黄家驹,463
5828,黄家驹,1242
5829,黄家驹,1120
5830,黄家驹,282
5831,黄家驹,790
5832,黄家驹,220
5833,黄家驹,223
5834,黄家驹,216
5835,黄家驹,406
5836,黄家驹,288
5837,黄家驹,1043
5838,黄家驹,534
5839,黄家驹,685
5840,黄家驹,729
5841,黄家驹,268
5842,黄家驹,3437
5843,黄家驹,8119
5844,黄家驹,12066
5845,黄家驹,1072
5846,黄家驹,1238
5847,黄家驹,311
5848,黄家驹,202
5849,黄家驹,394
5850,小哥哥,369
5851,小哥哥,259
5852,小哥哥,265
5853,小哥哥,630
5854,小哥哥,518
5855,小哥哥,1780
5856,小哥哥,269
5857,小哥哥,226
5858,小哥哥,1131
5859,小哥哥,485
5860,小哥哥,1365
5861,小哥哥,228
5862,小哥哥,204
5863,小哥哥,419
5864,小哥哥,324
5865,小哥哥,747
5866,小哥哥,203
5867,小哥哥,349
5868,小哥哥,214
5869,小哥哥,212
5870,小哥哥,276
5871,小哥哥,447
5872,小哥哥,926
5873,小哥哥,228
5874,小哥哥,418
5875,小哥哥,219
5876,小哥哥,314
5877,小哥哥,215
5878,梦里,230
5879,梦里,220
5880,梦里,200
5881,梦里,214
5882,梦里,578
5883,梦里,346
5884,梦里,260
5885,梦里,291
5886,梦里,239
5887,梦里,283
5888,梦里,202
5889,梦里,224
5890,梦里,259
5891,梦里,252
5892,梦里,206
5893,梦里,245
5894,梦里,853
5895,梦里,465
5896,梦里,225
5897,梦里,274
5898,梦里,208
5899,梦里,212
5900,梦里,311
5901,梦里,223
5902,梦里,243
5903,梦里,1301
5904,梦里,427
